{
"type": "FeatureCollection",
"name": "PA_Redonda",
"crs": { "type": "name", "properties": { "name": "urn:ogc:def:crs:OGC:1.3:CRS84" } },
"features": [
{ "type": "Feature", "properties": { "Name": null, "descriptio": "DGN_LEVEL_2", "timestamp": null, "begin": null, "end": null, "altitudeMo": null, "tessellate": -1, "extrude": 0, "visibility": -1, "drawOrder": null, "icon": null }, "geometry": { "type": "MultiPolygon", "coordinates": [ [ [ [ -37.4914986502, -4.659206512500007, 0.0 ], [ -37.491738318499998, -4.632403232599998, 0.0 ], [ -37.487743267900001, -4.638208820699994, 0.0 ], [ -37.476991049799999, -4.647648237400003, 0.0 ], [ -37.4741690225, -4.649597885299999, 0.0 ], [ -37.4685527878, -4.651615781199999, 0.0 ], [ -37.464381685200003, -4.652303676399999, 0.0 ], [ -37.4619427035, -4.651747512699997, 0.0 ], [ -37.452128720200001, -4.656654221899999, 0.0 ], [ -37.451367335100002, -4.657255471099998, 0.0 ], [ -37.450890814, -4.657420820500003, 0.0 ], [ -37.450194028299997, -4.6573737965, 0.0 ], [ -37.449747865399999, -4.656928961599996, 0.0 ], [ -37.4470648474, -4.658827222399992, 0.0 ], [ -37.443765415900003, -4.660724374300004, 0.0 ], [ -37.440226149799997, -4.661959900800007, 0.0 ], [ -37.434122150699999, -4.663507745699996, 0.0 ], [ -37.43347596, -4.663446708600006, 0.0 ], [ -37.429129347900002, -4.665223328199994, 0.0 ], [ -37.424188895699999, -4.667707123600003, 0.0 ], [ -37.423781520600002, -4.667902177, 0.0 ], [ -37.42364747, -4.668035083700003, 0.0 ], [ -37.4235809073, -4.668136580900004, 0.0 ], [ -37.425015896, -4.671037463699995, 0.0 ], [ -37.430981626700003, -4.683532821, 0.0 ], [ -37.43333493, -4.688299601699994, 0.0 ], [ -37.437477564200002, -4.688179651300001, 0.0 ], [ -37.438068261200002, -4.688278912099996, 0.0 ], [ -37.470061516200005, -4.699163578699992, 0.0 ], [ -37.491143016, -4.705834692499995, 0.0 ], [ -37.491188128099999, -4.700203438700005, 0.0 ], [ -37.491211967600002, -4.696368827699997, 0.0 ], [ -37.491260806900002, -4.689493182100005, 0.0 ], [ -37.491273224400004, -4.687528759899999, 0.0 ], [ -37.491293416300003, -4.684207634699999, 0.0 ], [ -37.491341701300001, -4.677740755600007, 0.0 ], [ -37.491383545200001, -4.672422307399993, 0.0 ], [ -37.491437110299998, -4.666631446, 0.0 ], [ -37.491479440900001, -4.661789865799996, 0.0 ], [ -37.4914986502, -4.659206512500007, 0.0 ] ] ] ] } },
{ "type": "Feature", "properties": { "Name": null, "descriptio": "DGN_LEVEL_2", "timestamp": null, "begin": null, "end": null, "altitudeMo": null, "tessellate": -1, "extrude": 0, "visibility": -1, "drawOrder": null, "icon": null }, "geometry": { "type": "MultiPolygon", "coordinates": [ [ [ [ -37.456130523299997, -4.715301170800005, 0.0 ], [ -37.470123770500003, -4.699549330199996, 0.0 ], [ -37.443285161699997, -4.690338795700008, 0.0 ], [ -37.438200253700003, -4.688546529200004, 0.0 ], [ -37.437378081699997, -4.688371057699992, 0.0 ], [ -37.4333785703, -4.688454431200002, 0.0 ], [ -37.436166229500003, -4.693718758499996, 0.0 ], [ -37.440347619100002, -4.701241445100003, 0.0 ], [ -37.449009733899999, -4.718216545299993, 0.0 ], [ -37.451608029500001, -4.717619783399995, 0.0 ], [ -37.455014288199997, -4.715978664400004, 0.0 ], [ -37.455475996700002, -4.715724485700001, 0.0 ], [ -37.456130523299997, -4.715301170800005, 0.0 ] ] ] ] } },
{ "type": "Feature", "properties": { "Name": "​V-I", "descriptio": "DGN_LEVEL_63", "timestamp": null, "begin": null, "end": null, "altitudeMo": null, "tessellate": -1, "extrude": 0, "visibility": -1, "drawOrder": null, "icon": null }, "geometry": { "type": "MultiPolygon", "coordinates": [ [ [ [ -37.487743267900001, -4.638208820699994, 0.0 ], [ -37.476991049799999, -4.647648237400003, 0.0 ], [ -37.476991049799999, -4.647648237400003, 0.0 ], [ -37.4741690225, -4.649597885299999, 0.0 ], [ -37.4741690225, -4.649597885299999, 0.0 ], [ -37.4685527878, -4.651615781199999, 0.0 ], [ -37.4685527878, -4.651615781199999, 0.0 ], [ -37.464381685200003, -4.652303676399999, 0.0 ], [ -37.464381685200003, -4.652303676399999, 0.0 ], [ -37.4619427035, -4.651747512699997, 0.0 ], [ -37.4619427035, -4.651747512699997, 0.0 ], [ -37.452128720200001, -4.656654221899999, 0.0 ], [ -37.452128720200001, -4.656654221899999, 0.0 ], [ -37.451367335100002, -4.657255471099998, 0.0 ], [ -37.451367335100002, -4.657255471099998, 0.0 ], [ -37.450890814, -4.657420820500003, 0.0 ], [ -37.450890814, -4.657420820500003, 0.0 ], [ -37.450194028299997, -4.6573737965, 0.0 ], [ -37.450194028299997, -4.6573737965, 0.0 ], [ -37.449747865399999, -4.656928961599996, 0.0 ], [ -37.449747865399999, -4.656928961599996, 0.0 ], [ -37.4470648474, -4.658827222399992, 0.0 ], [ -37.4470648474, -4.658827222399992, 0.0 ], [ -37.443765415900003, -4.660724374300004, 0.0 ], [ -37.443765415900003, -4.660724374300004, 0.0 ], [ -37.440226149799997, -4.661959900800007, 0.0 ], [ -37.440226149799997, -4.661959900800007, 0.0 ], [ -37.434122150699999, -4.663507745699996, 0.0 ], [ -37.434122150699999, -4.663507745699996, 0.0 ], [ -37.43347596, -4.663446708600006, 0.0 ], [ -37.43347596, -4.663446708600006, 0.0 ], [ -37.429129347900002, -4.665223328199994, 0.0 ], [ -37.429129347900002, -4.665223328199994, 0.0 ], [ -37.424188895699999, -4.667707123600003, 0.0 ], [ -37.424188895699999, -4.667707123600003, 0.0 ], [ -37.423781520600002, -4.667902177, 0.0 ], [ -37.423781520600002, -4.667902177, 0.0 ], [ -37.42364747, -4.668035083700003, 0.0 ], [ -37.42364747, -4.668035083700003, 0.0 ], [ -37.4235809073, -4.668136580900004, 0.0 ], [ -37.4235809073, -4.668136580900004, 0.0 ], [ -37.425015896, -4.671037463699995, 0.0 ], [ -37.425015896, -4.671037463699995, 0.0 ], [ -37.430981626700003, -4.683532821, 0.0 ], [ -37.430981626700003, -4.683532821, 0.0 ], [ -37.43333493, -4.688299601699994, 0.0 ], [ -37.43333493, -4.688299601699994, 0.0 ], [ -37.4333785703, -4.688454431200002, 0.0 ], [ -37.4333785703, -4.688454431200002, 0.0 ], [ -37.436166229500003, -4.693718758499996, 0.0 ], [ -37.436166229500003, -4.693718758499996, 0.0 ], [ -37.440347619100002, -4.701241445100003, 0.0 ], [ -37.440347619100002, -4.701241445100003, 0.0 ], [ -37.449009733899999, -4.718216545299993, 0.0 ], [ -37.449009733899999, -4.718216545299993, 0.0 ], [ -37.451608029500001, -4.717619783399995, 0.0 ], [ -37.451608029500001, -4.717619783399995, 0.0 ], [ -37.455014288199997, -4.715978664400004, 0.0 ], [ -37.455014288199997, -4.715978664400004, 0.0 ], [ -37.455475996700002, -4.715724485700001, 0.0 ], [ -37.455475996700002, -4.715724485700001, 0.0 ], [ -37.456130523299997, -4.715301170800005, 0.0 ], [ -37.456130523299997, -4.715301170800005, 0.0 ], [ -37.470123770500003, -4.699549330199996, 0.0 ], [ -37.470123770500003, -4.699549330199996, 0.0 ], [ -37.470061516200005, -4.699163578699992, 0.0 ], [ -37.470061516200005, -4.699163578699992, 0.0 ], [ -37.491143016, -4.705834692499995, 0.0 ], [ -37.491143016, -4.705834692499995, 0.0 ], [ -37.491188128099999, -4.700203438700005, 0.0 ], [ -37.491188128099999, -4.700203438700005, 0.0 ], [ -37.491211967600002, -4.696368827699997, 0.0 ], [ -37.491211967600002, -4.696368827699997, 0.0 ], [ -37.491260806900002, -4.689493182100005, 0.0 ], [ -37.491260806900002, -4.689493182100005, 0.0 ], [ -37.491273224400004, -4.687528759899999, 0.0 ], [ -37.491273224400004, -4.687528759899999, 0.0 ], [ -37.491293416300003, -4.684207634699999, 0.0 ], [ -37.491293416300003, -4.684207634699999, 0.0 ], [ -37.491341701300001, -4.677740755600007, 0.0 ], [ -37.491341701300001, -4.677740755600007, 0.0 ], [ -37.491383545200001, -4.672422307399993, 0.0 ], [ -37.491383545200001, -4.672422307399993, 0.0 ], [ -37.491437110299998, -4.666631446, 0.0 ], [ -37.491437110299998, -4.666631446, 0.0 ], [ -37.491479440900001, -4.661789865799996, 0.0 ], [ -37.491479440900001, -4.661789865799996, 0.0 ], [ -37.4914986502, -4.659206512500007, 0.0 ], [ -37.4914986502, -4.659206512500007, 0.0 ], [ -37.491738318499998, -4.632403232599998, 0.0 ], [ -37.491738318499998, -4.632403232599998, 0.0 ], [ -37.487743267900001, -4.638208820699994, 0.0 ] ] ] ] } },
{ "type": "Feature", "properties": { "Name": null, "descriptio": "DGN_LEVEL_40", "timestamp": null, "begin": null, "end": null, "altitudeMo": null, "tessellate": -1, "extrude": 0, "visibility": -1, "drawOrder": null, "icon": null }, "geometry": { "type": "MultiPolygon", "coordinates": [ [ [ [ -37.478770225, -4.667944172799996, 0.0 ], [ -37.478551509100001, -4.6659183968, 0.0 ], [ -37.478551509299997, -4.665918306399996, 0.0 ], [ -37.475262818200001, -4.666763341100008, 0.0 ], [ -37.475262818200001, -4.666763341100008, 0.0 ], [ -37.475424776300002, -4.668772351600008, 0.0 ], [ -37.475424776300002, -4.668772351600008, 0.0 ], [ -37.478770225, -4.667944172799996, 0.0 ] ] ] ] } },
{ "type": "Feature", "properties": { "Name": null, "descriptio": "DGN_LEVEL_40", "timestamp": null, "begin": null, "end": null, "altitudeMo": null, "tessellate": -1, "extrude": 0, "visibility": -1, "drawOrder": null, "icon": null }, "geometry": { "type": "MultiPolygon", "coordinates": [ [ [ [ -37.479408839100003, -4.673331170199996, 0.0 ], [ -37.479042746700003, -4.670347905, 0.0 ], [ -37.479042746899999, -4.670347814599992, 0.0 ], [ -37.475610083500001, -4.6710708965, 0.0 ], [ -37.475610083500001, -4.6710708965, 0.0 ], [ -37.475697249100001, -4.672152692299998, 0.0 ], [ -37.475697249100001, -4.672152692299998, 0.0 ], [ -37.479408839100003, -4.673331170199996, 0.0 ] ] ] ] } },
{ "type": "Feature", "properties": { "Name": null, "descriptio": "DGN_LEVEL_40", "timestamp": null, "begin": null, "end": null, "altitudeMo": null, "tessellate": -1, "extrude": 0, "visibility": -1, "drawOrder": null, "icon": null }, "geometry": { "type": "MultiPolygon", "coordinates": [ [ [ [ -37.475262818200001, -4.666763341100008, 0.0 ], [ -37.474087213399997, -4.667057503700008, 0.0 ], [ -37.474087213399997, -4.667057503700008, 0.0 ], [ -37.474534606399999, -4.671783176600005, 0.0 ], [ -37.474534606399999, -4.671783176600005, 0.0 ], [ -37.475697249100001, -4.672152692299998, 0.0 ], [ -37.475697249100001, -4.672152692299998, 0.0 ], [ -37.475610083500001, -4.6710708965, 0.0 ], [ -37.475610083500001, -4.6710708965, 0.0 ], [ -37.475424776300002, -4.668772351600008, 0.0 ], [ -37.475424776300002, -4.668772351600008, 0.0 ], [ -37.475262818200001, -4.666763341100008, 0.0 ] ] ] ] } },
{ "type": "Feature", "properties": { "Name": null, "descriptio": "DGN_LEVEL_40", "timestamp": null, "begin": null, "end": null, "altitudeMo": null, "tessellate": -1, "extrude": 0, "visibility": -1, "drawOrder": null, "icon": null }, "geometry": { "type": "MultiPolygon", "coordinates": [ [ [ [ -37.474087213399997, -4.667057503700008, 0.0 ], [ -37.472690198800002, -4.6674134919, 0.0 ], [ -37.472690198800002, -4.6674134919, 0.0 ], [ -37.4729242214, -4.671271333800001, 0.0 ], [ -37.4729242214, -4.671271333800001, 0.0 ], [ -37.474534606399999, -4.671783176600005, 0.0 ], [ -37.474534606399999, -4.671783176600005, 0.0 ], [ -37.474087213399997, -4.667057503700008, 0.0 ] ] ] ] } },
{ "type": "Feature", "properties": { "Name": null, "descriptio": "DGN_LEVEL_40", "timestamp": null, "begin": null, "end": null, "altitudeMo": null, "tessellate": -1, "extrude": 0, "visibility": -1, "drawOrder": null, "icon": null }, "geometry": { "type": "MultiPolygon", "coordinates": [ [ [ [ -37.472690198800002, -4.6674134919, 0.0 ], [ -37.470459555200001, -4.667973761399999, 0.0 ], [ -37.470459555200001, -4.667973761399999, 0.0 ], [ -37.470519324500003, -4.670506526600003, 0.0 ], [ -37.470519324500003, -4.670506526600003, 0.0 ], [ -37.4729242214, -4.671271333800001, 0.0 ], [ -37.4729242214, -4.671271333800001, 0.0 ], [ -37.472690198800002, -4.6674134919, 0.0 ] ] ] ] } },
{ "type": "Feature", "properties": { "Name": null, "descriptio": "DGN_LEVEL_40", "timestamp": null, "begin": null, "end": null, "altitudeMo": null, "tessellate": -1, "extrude": 0, "visibility": -1, "drawOrder": null, "icon": null }, "geometry": { "type": "MultiPolygon", "coordinates": [ [ [ [ -37.470459555200001, -4.667973761399999, 0.0 ], [ -37.4659809618, -4.669092700399997, 0.0 ], [ -37.4659809618, -4.669092700399997, 0.0 ], [ -37.470519324500003, -4.670506526600003, 0.0 ], [ -37.470519324500003, -4.670506526600003, 0.0 ], [ -37.470459555200001, -4.667973761399999, 0.0 ] ] ] ] } },
{ "type": "Feature", "properties": { "Name": null, "descriptio": "DGN_LEVEL_40", "timestamp": null, "begin": null, "end": null, "altitudeMo": null, "tessellate": -1, "extrude": 0, "visibility": -1, "drawOrder": null, "icon": null }, "geometry": { "type": "MultiPolygon", "coordinates": [ [ [ [ -37.476661916600001, -4.672459014099999, 0.0 ], [ -37.476724658, -4.677295361399999, 0.0 ], [ -37.476724658, -4.677295361399999, 0.0 ], [ -37.478279162500002, -4.677772532899995, 0.0 ], [ -37.478279162500002, -4.677772532899995, 0.0 ], [ -37.478211962500005, -4.672951184900005, 0.0 ], [ -37.478211962500005, -4.672951184900005, 0.0 ], [ -37.476661916600001, -4.672459014099999, 0.0 ] ] ] ] } },
{ "type": "Feature", "properties": { "Name": null, "descriptio": "DGN_LEVEL_40", "timestamp": null, "begin": null, "end": null, "altitudeMo": null, "tessellate": -1, "extrude": 0, "visibility": -1, "drawOrder": null, "icon": null }, "geometry": { "type": "MultiPolygon", "coordinates": [ [ [ [ -37.475094400400003, -4.671961105099994, 0.0 ], [ -37.4751533126, -4.6768130861, 0.0 ], [ -37.4751533126, -4.6768130861, 0.0 ], [ -37.476724658, -4.677295361399999, 0.0 ], [ -37.476724658, -4.677295361399999, 0.0 ], [ -37.476661916600001, -4.672459014099999, 0.0 ], [ -37.476661916600001, -4.672459014099999, 0.0 ], [ -37.475094400400003, -4.671961105099994, 0.0 ] ] ] ] } },
{ "type": "Feature", "properties": { "Name": null, "descriptio": "DGN_LEVEL_40", "timestamp": null, "begin": null, "end": null, "altitudeMo": null, "tessellate": -1, "extrude": 0, "visibility": -1, "drawOrder": null, "icon": null }, "geometry": { "type": "MultiPolygon", "coordinates": [ [ [ [ -37.473544181800001, -4.671468385900006, 0.0 ], [ -37.473616108900003, -4.676341101500008, 0.0 ], [ -37.473616108900003, -4.676341101500008, 0.0 ], [ -37.4751533126, -4.6768130861, 0.0 ], [ -37.4751533126, -4.6768130861, 0.0 ], [ -37.475094400400003, -4.671961105099994, 0.0 ], [ -37.475094400400003, -4.671961105099994, 0.0 ], [ -37.473544181800001, -4.671468385900006, 0.0 ] ] ] ] } },
{ "type": "Feature", "properties": { "Name": null, "descriptio": "DGN_LEVEL_40", "timestamp": null, "begin": null, "end": null, "altitudeMo": null, "tessellate": -1, "extrude": 0, "visibility": -1, "drawOrder": null, "icon": null }, "geometry": { "type": "MultiPolygon", "coordinates": [ [ [ [ -37.472063051100001, -4.670997518799997, 0.0 ], [ -37.472061614499999, -4.67586356, 0.0 ], [ -37.472061614499999, -4.67586356, 0.0 ], [ -37.473616108900003, -4.676341101500008, 0.0 ], [ -37.473616108900003, -4.676341101500008, 0.0 ], [ -37.473544181800001, -4.671468385900006, 0.0 ], [ -37.473544181800001, -4.671468385900006, 0.0 ], [ -37.472063051100001, -4.670997518799997, 0.0 ] ] ] ] } },
{ "type": "Feature", "properties": { "Name": null, "descriptio": "DGN_LEVEL_40", "timestamp": null, "begin": null, "end": null, "altitudeMo": null, "tessellate": -1, "extrude": 0, "visibility": -1, "drawOrder": null, "icon": null }, "geometry": { "type": "MultiPolygon", "coordinates": [ [ [ [ -37.470519324500003, -4.670506526600003, 0.0 ], [ -37.470507123300003, -4.675386015699993, 0.0 ], [ -37.470507123300003, -4.675386015699993, 0.0 ], [ -37.472061614499999, -4.67586356, 0.0 ], [ -37.472061614499999, -4.67586356, 0.0 ], [ -37.472063051100001, -4.670997518799997, 0.0 ], [ -37.472063051100001, -4.670997518799997, 0.0 ], [ -37.470519324500003, -4.670506526600003, 0.0 ] ] ] ] } },
{ "type": "Feature", "properties": { "Name": null, "descriptio": "DGN_LEVEL_40", "timestamp": null, "begin": null, "end": null, "altitudeMo": null, "tessellate": -1, "extrude": 0, "visibility": -1, "drawOrder": null, "icon": null }, "geometry": { "type": "MultiPolygon", "coordinates": [ [ [ [ -37.468956326300003, -4.670009249599997, 0.0 ], [ -37.468952815500003, -4.674908469, 0.0 ], [ -37.468952815500003, -4.674908469, 0.0 ], [ -37.470507123300003, -4.675386015699993, 0.0 ], [ -37.470507123300003, -4.675386015699993, 0.0 ], [ -37.470519324500003, -4.670506526600003, 0.0 ], [ -37.470519324500003, -4.670506526600003, 0.0 ], [ -37.468956326300003, -4.670009249599997, 0.0 ] ] ] ] } },
{ "type": "Feature", "properties": { "Name": null, "descriptio": "DGN_LEVEL_40", "timestamp": null, "begin": null, "end": null, "altitudeMo": null, "tessellate": -1, "extrude": 0, "visibility": -1, "drawOrder": null, "icon": null }, "geometry": { "type": "MultiPolygon", "coordinates": [ [ [ [ -37.467406752499997, -4.669515887899996, 0.0 ], [ -37.467398511200003, -4.674430738700002, 0.0 ], [ -37.467398511200003, -4.674430738700002, 0.0 ], [ -37.468952815500003, -4.674908469, 0.0 ], [ -37.468952815500003, -4.674908469, 0.0 ], [ -37.468956326300003, -4.670009249599997, 0.0 ], [ -37.468956326300003, -4.670009249599997, 0.0 ], [ -37.467406752499997, -4.669515887899996, 0.0 ] ] ] ] } },
{ "type": "Feature", "properties": { "Name": null, "descriptio": "DGN_LEVEL_40", "timestamp": null, "begin": null, "end": null, "altitudeMo": null, "tessellate": -1, "extrude": 0, "visibility": -1, "drawOrder": null, "icon": null }, "geometry": { "type": "MultiPolygon", "coordinates": [ [ [ [ -37.4659809618, -4.669092700399997, 0.0 ], [ -37.465844119700009, -4.673953095899996, 0.0 ], [ -37.465844119700009, -4.673953095899996, 0.0 ], [ -37.467398511200003, -4.674430738700002, 0.0 ], [ -37.467398511200003, -4.674430738700002, 0.0 ], [ -37.467406752499997, -4.669515887899996, 0.0 ], [ -37.467406752499997, -4.669515887899996, 0.0 ], [ -37.4659809618, -4.669092700399997, 0.0 ] ] ] ] } },
{ "type": "Feature", "properties": { "Name": null, "descriptio": "DGN_LEVEL_40", "timestamp": null, "begin": null, "end": null, "altitudeMo": null, "tessellate": -1, "extrude": 0, "visibility": -1, "drawOrder": null, "icon": null }, "geometry": { "type": "MultiPolygon", "coordinates": [ [ [ [ -37.4659809618, -4.669092700399997, 0.0 ], [ -37.464242412499999, -4.669540346300004, 0.0 ], [ -37.464242412499999, -4.669540346300004, 0.0 ], [ -37.464289822, -4.673475179199999, 0.0 ], [ -37.464289822, -4.673475179199999, 0.0 ], [ -37.465844119700009, -4.673953095899996, 0.0 ], [ -37.465844119700009, -4.673953095899996, 0.0 ], [ -37.4659809618, -4.669092700399997, 0.0 ] ] ] ] } },
{ "type": "Feature", "properties": { "Name": null, "descriptio": "DGN_LEVEL_40", "timestamp": null, "begin": null, "end": null, "altitudeMo": null, "tessellate": -1, "extrude": 0, "visibility": -1, "drawOrder": null, "icon": null }, "geometry": { "type": "MultiPolygon", "coordinates": [ [ [ [ -37.489830548100009, -4.661623538100003, 0.0 ], [ -37.489833900299999, -4.66705720639999, 0.0 ], [ -37.489833900299999, -4.66705720639999, 0.0 ], [ -37.489830548100009, -4.661623538100003, 0.0 ], [ -37.489830548100009, -4.661623538100003, 0.0 ], [ -37.488304140499999, -4.662177249399994, 0.0 ], [ -37.488304140499999, -4.662177249399994, 0.0 ], [ -37.488287168699998, -4.667372662, 0.0 ], [ -37.488287168699998, -4.667372662, 0.0 ], [ -37.489833900299999, -4.66705720639999, 0.0 ], [ -37.489833900299999, -4.66705720639999, 0.0 ], [ -37.4898312698, -4.661623268399995, 0.0 ], [ -37.489830548100009, -4.661623538100003, 0.0 ] ] ] ] } },
{ "type": "Feature", "properties": { "Name": null, "descriptio": "DGN_LEVEL_40", "timestamp": null, "begin": null, "end": null, "altitudeMo": null, "tessellate": -1, "extrude": 0, "visibility": -1, "drawOrder": null, "icon": null }, "geometry": { "type": "MultiPolygon", "coordinates": [ [ [ [ -37.491514802300003, -4.6610154479, 0.0 ], [ -37.489830548100009, -4.661623538100003, 0.0 ], [ -37.4898312698, -4.661623268399995, 0.0 ], [ -37.489833900299999, -4.66705720639999, 0.0 ], [ -37.489833900299999, -4.66705720639999, 0.0 ], [ -37.491468729600001, -4.666724029899995, 0.0 ], [ -37.491468729600001, -4.666724029899995, 0.0 ], [ -37.491514802300003, -4.6610154479, 0.0 ] ] ] ] } },
{ "type": "Feature", "properties": { "Name": null, "descriptio": "DGN_LEVEL_40", "timestamp": null, "begin": null, "end": null, "altitudeMo": null, "tessellate": -1, "extrude": 0, "visibility": -1, "drawOrder": null, "icon": null }, "geometry": { "type": "MultiPolygon", "coordinates": [ [ [ [ -37.488304140499999, -4.662177249399994, 0.0 ], [ -37.486831889599998, -4.662862747799997, 0.0 ], [ -37.486831889599998, -4.662862747799997, 0.0 ], [ -37.486788949800001, -4.66767818, 0.0 ], [ -37.486788949800001, -4.66767818, 0.0 ], [ -37.488287168699998, -4.667372662, 0.0 ], [ -37.488287168699998, -4.667372662, 0.0 ], [ -37.488304140499999, -4.662177249399994, 0.0 ] ] ] ] } },
{ "type": "Feature", "properties": { "Name": null, "descriptio": "DGN_LEVEL_40", "timestamp": null, "begin": null, "end": null, "altitudeMo": null, "tessellate": -1, "extrude": 0, "visibility": -1, "drawOrder": null, "icon": null }, "geometry": { "type": "MultiPolygon", "coordinates": [ [ [ [ -37.486831889599998, -4.662862747799997, 0.0 ], [ -37.485279447700002, -4.663576646900009, 0.0 ], [ -37.485279447700002, -4.663576646900009, 0.0 ], [ -37.485134912, -4.668015553100001, 0.0 ], [ -37.485134912, -4.668015553100001, 0.0 ], [ -37.486788949800001, -4.66767818, 0.0 ], [ -37.486788949800001, -4.66767818, 0.0 ], [ -37.486831889599998, -4.662862747799997, 0.0 ] ] ] ] } },
{ "type": "Feature", "properties": { "Name": null, "descriptio": "DGN_LEVEL_40", "timestamp": null, "begin": null, "end": null, "altitudeMo": null, "tessellate": -1, "extrude": 0, "visibility": -1, "drawOrder": null, "icon": null }, "geometry": { "type": "MultiPolygon", "coordinates": [ [ [ [ -37.485279447700002, -4.663576646900009, 0.0 ], [ -37.483668070100002, -4.664158287699998, 0.0 ], [ -37.483668070100002, -4.664158287699998, 0.0 ], [ -37.483632454099997, -4.668322049100007, 0.0 ], [ -37.483632454099997, -4.668322049100007, 0.0 ], [ -37.485134912, -4.668015553100001, 0.0 ], [ -37.485134912, -4.668015553100001, 0.0 ], [ -37.485279447700002, -4.663576646900009, 0.0 ] ] ] ] } },
{ "type": "Feature", "properties": { "Name": null, "descriptio": "DGN_LEVEL_40", "timestamp": null, "begin": null, "end": null, "altitudeMo": null, "tessellate": -1, "extrude": 0, "visibility": -1, "drawOrder": null, "icon": null }, "geometry": { "type": "MultiPolygon", "coordinates": [ [ [ [ -37.483668070100002, -4.664158287699998, 0.0 ], [ -37.481963921599998, -4.664750485200006, 0.0 ], [ -37.481963921599998, -4.664750485200006, 0.0 ], [ -37.482046405299997, -4.668645814700002, 0.0 ], [ -37.482046405299997, -4.668645814700002, 0.0 ], [ -37.483632454099997, -4.668322049100007, 0.0 ], [ -37.483632454099997, -4.668322049100007, 0.0 ], [ -37.483668070100002, -4.664158287699998, 0.0 ] ] ] ] } },
{ "type": "Feature", "properties": { "Name": null, "descriptio": "DGN_LEVEL_40", "timestamp": null, "begin": null, "end": null, "altitudeMo": null, "tessellate": -1, "extrude": 0, "visibility": -1, "drawOrder": null, "icon": null }, "geometry": { "type": "MultiPolygon", "coordinates": [ [ [ [ -37.481963921599998, -4.664750485200006, 0.0 ], [ -37.480257716200001, -4.665334443500001, 0.0 ], [ -37.480257716200001, -4.665334443500001, 0.0 ], [ -37.480546380900002, -4.668952037200003, 0.0 ], [ -37.480546380900002, -4.668952037200003, 0.0 ], [ -37.482046405299997, -4.668645814700002, 0.0 ], [ -37.482046405299997, -4.668645814700002, 0.0 ], [ -37.481963921599998, -4.664750485200006, 0.0 ] ] ] ] } },
{ "type": "Feature", "properties": { "Name": null, "descriptio": "DGN_LEVEL_40", "timestamp": null, "begin": null, "end": null, "altitudeMo": null, "tessellate": -1, "extrude": 0, "visibility": -1, "drawOrder": null, "icon": null }, "geometry": { "type": "MultiPolygon", "coordinates": [ [ [ [ -37.480257716200001, -4.665334443500001, 0.0 ], [ -37.478551509299997, -4.665918306399996, 0.0 ], [ -37.478551509299997, -4.665918306399996, 0.0 ], [ -37.478915064299997, -4.669285192400003, 0.0 ], [ -37.478915064299997, -4.669285192400003, 0.0 ], [ -37.480546380900002, -4.668952037200003, 0.0 ], [ -37.480546380900002, -4.668952037200003, 0.0 ], [ -37.480257716200001, -4.665334443500001, 0.0 ] ] ] ] } },
{ "type": "Feature", "properties": { "Name": null, "descriptio": "DGN_LEVEL_40", "timestamp": null, "begin": null, "end": null, "altitudeMo": null, "tessellate": -1, "extrude": 0, "visibility": -1, "drawOrder": null, "icon": null }, "geometry": { "type": "MultiPolygon", "coordinates": [ [ [ [ -37.489833900299999, -4.66705720639999, 0.0 ], [ -37.4899408876, -4.672535591599998, 0.0 ], [ -37.4899408876, -4.672535591599998, 0.0 ], [ -37.491422752200002, -4.672422934399997, 0.0 ], [ -37.491422752200002, -4.672422934399997, 0.0 ], [ -37.491468729600001, -4.666724029899995, 0.0 ], [ -37.491468729600001, -4.666724029899995, 0.0 ], [ -37.489833900299999, -4.66705720639999, 0.0 ] ] ] ] } },
{ "type": "Feature", "properties": { "Name": null, "descriptio": "DGN_LEVEL_40", "timestamp": null, "begin": null, "end": null, "altitudeMo": null, "tessellate": -1, "extrude": 0, "visibility": -1, "drawOrder": null, "icon": null }, "geometry": { "type": "MultiPolygon", "coordinates": [ [ [ [ -37.488287168699998, -4.667372662, 0.0 ], [ -37.488459294499997, -4.672647974700003, 0.0 ], [ -37.488459294499997, -4.672647974700003, 0.0 ], [ -37.4899408876, -4.672535591599998, 0.0 ], [ -37.4899408876, -4.672535591599998, 0.0 ], [ -37.489833900299999, -4.66705720639999, 0.0 ], [ -37.489833900299999, -4.66705720639999, 0.0 ], [ -37.488287168699998, -4.667372662, 0.0 ] ] ] ] } },
{ "type": "Feature", "properties": { "Name": null, "descriptio": "DGN_LEVEL_40", "timestamp": null, "begin": null, "end": null, "altitudeMo": null, "tessellate": -1, "extrude": 0, "visibility": -1, "drawOrder": null, "icon": null }, "geometry": { "type": "MultiPolygon", "coordinates": [ [ [ [ -37.486788949800001, -4.66767818, 0.0 ], [ -37.487022506, -4.672756833800002, 0.0 ], [ -37.487022506, -4.672756833800002, 0.0 ], [ -37.488459294499997, -4.672647974700003, 0.0 ], [ -37.488459294499997, -4.672647974700003, 0.0 ], [ -37.488287168699998, -4.667372662, 0.0 ], [ -37.488287168699998, -4.667372662, 0.0 ], [ -37.486788949800001, -4.66767818, 0.0 ] ] ] ] } },
{ "type": "Feature", "properties": { "Name": null, "descriptio": "DGN_LEVEL_40", "timestamp": null, "begin": null, "end": null, "altitudeMo": null, "tessellate": -1, "extrude": 0, "visibility": -1, "drawOrder": null, "icon": null }, "geometry": { "type": "MultiPolygon", "coordinates": [ [ [ [ -37.483632454099997, -4.668322049100007, 0.0 ], [ -37.483978460899998, -4.672986925499997, 0.0 ], [ -37.483978460899998, -4.672986925499997, 0.0 ], [ -37.485406413100002, -4.672879048600005, 0.0 ], [ -37.485406413100002, -4.672879048600005, 0.0 ], [ -37.485134912, -4.668015553100001, 0.0 ], [ -37.485134912, -4.668015553100001, 0.0 ], [ -37.483632454099997, -4.668322049100007, 0.0 ] ] ] ] } },
{ "type": "Feature", "properties": { "Name": null, "descriptio": "DGN_LEVEL_40", "timestamp": null, "begin": null, "end": null, "altitudeMo": null, "tessellate": -1, "extrude": 0, "visibility": -1, "drawOrder": null, "icon": null }, "geometry": { "type": "MultiPolygon", "coordinates": [ [ [ [ -37.482046405299997, -4.668645814700002, 0.0 ], [ -37.482451887, -4.673102182400006, 0.0 ], [ -37.482451887, -4.673102182400006, 0.0 ], [ -37.483978460899998, -4.672986925499997, 0.0 ], [ -37.483978460899998, -4.672986925499997, 0.0 ], [ -37.483632454099997, -4.668322049100007, 0.0 ], [ -37.483632454099997, -4.668322049100007, 0.0 ], [ -37.482046405299997, -4.668645814700002, 0.0 ] ] ] ] } },
{ "type": "Feature", "properties": { "Name": null, "descriptio": "DGN_LEVEL_40", "timestamp": null, "begin": null, "end": null, "altitudeMo": null, "tessellate": -1, "extrude": 0, "visibility": -1, "drawOrder": null, "icon": null }, "geometry": { "type": "MultiPolygon", "coordinates": [ [ [ [ -37.480546380900002, -4.668952037200003, 0.0 ], [ -37.480969757399997, -4.673213824299997, 0.0 ], [ -37.480969757399997, -4.673213824299997, 0.0 ], [ -37.482451887, -4.673102182400006, 0.0 ], [ -37.482451887, -4.673102182400006, 0.0 ], [ -37.482046405299997, -4.668645814700002, 0.0 ], [ -37.482046405299997, -4.668645814700002, 0.0 ], [ -37.480546380900002, -4.668952037200003, 0.0 ] ] ] ] } },
{ "type": "Feature", "properties": { "Name": null, "descriptio": "DGN_LEVEL_40", "timestamp": null, "begin": null, "end": null, "altitudeMo": null, "tessellate": -1, "extrude": 0, "visibility": -1, "drawOrder": null, "icon": null }, "geometry": { "type": "MultiPolygon", "coordinates": [ [ [ [ -37.478915064299997, -4.669285192400003, 0.0 ], [ -37.479408839100003, -4.673331170199996, 0.0 ], [ -37.479408839100003, -4.673331170199996, 0.0 ], [ -37.480969757399997, -4.673213824299997, 0.0 ], [ -37.480969757399997, -4.673213824299997, 0.0 ], [ -37.480546380900002, -4.668952037200003, 0.0 ], [ -37.480546380900002, -4.668952037200003, 0.0 ], [ -37.478915064299997, -4.669285192400003, 0.0 ] ] ] ] } },
{ "type": "Feature", "properties": { "Name": null, "descriptio": "DGN_LEVEL_40", "timestamp": null, "begin": null, "end": null, "altitudeMo": null, "tessellate": -1, "extrude": 0, "visibility": -1, "drawOrder": null, "icon": null }, "geometry": { "type": "MultiPolygon", "coordinates": [ [ [ [ -37.4899404234, -4.672626116900004, 0.0 ], [ -37.489912326300001, -4.678338258500004, 0.0 ], [ -37.489912326300001, -4.678338258500004, 0.0 ], [ -37.49137232, -4.678342853600006, 0.0 ], [ -37.49137232, -4.678342853600006, 0.0 ], [ -37.491422018, -4.672513368800002, 0.0 ], [ -37.491422018, -4.672513368800002, 0.0 ], [ -37.4899404234, -4.672626116900004, 0.0 ] ] ] ] } },
{ "type": "Feature", "properties": { "Name": null, "descriptio": "DGN_LEVEL_40", "timestamp": null, "begin": null, "end": null, "altitudeMo": null, "tessellate": -1, "extrude": 0, "visibility": -1, "drawOrder": null, "icon": null }, "geometry": { "type": "MultiPolygon", "coordinates": [ [ [ [ -37.4898955755, -4.678331620499994, 0.0 ], [ -37.489923582599999, -4.672619478800005, 0.0 ], [ -37.489923582599999, -4.672619478800005, 0.0 ], [ -37.488442710299999, -4.672731863400005, 0.0 ], [ -37.488442710299999, -4.672731863400005, 0.0 ], [ -37.488453609600001, -4.678327061300006, 0.0 ], [ -37.488453609600001, -4.678327061300006, 0.0 ], [ -37.4898955755, -4.678331620499994, 0.0 ] ] ] ] } },
{ "type": "Feature", "properties": { "Name": null, "descriptio": "DGN_LEVEL_40", "timestamp": null, "begin": null, "end": null, "altitudeMo": null, "tessellate": -1, "extrude": 0, "visibility": -1, "drawOrder": null, "icon": null }, "geometry": { "type": "MultiPolygon", "coordinates": [ [ [ [ -37.487008573200001, -4.672823183599998, 0.0 ], [ -37.488448954, -4.672720481900004, 0.0 ], [ -37.488448954, -4.672720481900004, 0.0 ], [ -37.487008573200001, -4.672823183599998, 0.0 ] ] ] ] } },
{ "type": "Feature", "properties": { "Name": null, "descriptio": "DGN_LEVEL_40", "timestamp": null, "begin": null, "end": null, "altitudeMo": null, "tessellate": -1, "extrude": 0, "visibility": -1, "drawOrder": null, "icon": null }, "geometry": { "type": "MultiPolygon", "coordinates": [ [ [ [ -37.487024024599997, -4.672847272899996, 0.0 ], [ -37.487120242899998, -4.678329064200002, 0.0 ], [ -37.487120242899998, -4.678329064200002, 0.0 ], [ -37.488470360600004, -4.678333608799993, 0.0 ], [ -37.488470360600004, -4.678333608799993, 0.0 ], [ -37.488459461200001, -4.672738410900005, 0.0 ], [ -37.488459461200001, -4.672738410900005, 0.0 ], [ -37.487024024599997, -4.672847272899996, 0.0 ] ] ] ] } },
{ "type": "Feature", "properties": { "Name": null, "descriptio": "DGN_LEVEL_40", "timestamp": null, "begin": null, "end": null, "altitudeMo": null, "tessellate": -1, "extrude": 0, "visibility": -1, "drawOrder": null, "icon": null }, "geometry": { "type": "MultiPolygon", "coordinates": [ [ [ [ -37.4854109061, -4.672969403600004, 0.0 ], [ -37.4856783699, -4.678324137700002, 0.0 ], [ -37.4856782795, -4.678324227899996, 0.0 ], [ -37.487120242899998, -4.678329064200002, 0.0 ], [ -37.487120242899998, -4.678329064200002, 0.0 ], [ -37.487024024599997, -4.672847272899996, 0.0 ], [ -37.487024024599997, -4.672847272899996, 0.0 ], [ -37.4854109061, -4.672969403600004, 0.0 ] ] ] ] } },
{ "type": "Feature", "properties": { "Name": null, "descriptio": "DGN_LEVEL_40", "timestamp": null, "begin": null, "end": null, "altitudeMo": null, "tessellate": -1, "extrude": 0, "visibility": -1, "drawOrder": null, "icon": null }, "geometry": { "type": "MultiPolygon", "coordinates": [ [ [ [ -37.485410905899997, -4.672969494099999, 0.0 ], [ -37.4839821423, -4.673077369099993, 0.0 ], [ -37.4839821423, -4.673077369099993, 0.0 ], [ -37.484191250800002, -4.6783189293, 0.0 ], [ -37.484191341, -4.678318929499993, 0.0 ], [ -37.4856782795, -4.678324227899996, 0.0 ], [ -37.4856783699, -4.678324137700002, 0.0 ], [ -37.4854109061, -4.672969403600004, 0.0 ], [ -37.485410905899997, -4.672969494099999, 0.0 ] ] ] ] } },
{ "type": "Feature", "properties": { "Name": null, "descriptio": "DGN_LEVEL_40", "timestamp": null, "begin": null, "end": null, "altitudeMo": null, "tessellate": -1, "extrude": 0, "visibility": -1, "drawOrder": null, "icon": null }, "geometry": { "type": "MultiPolygon", "coordinates": [ [ [ [ -37.483982142499997, -4.6730772787, 0.0 ], [ -37.4839821423, -4.673077369099993, 0.0 ], [ -37.484191250800002, -4.6783189293, 0.0 ], [ -37.484191341, -4.678318929499993, 0.0 ], [ -37.48276749730001, -4.678313764699995, 0.0 ], [ -37.48276749730001, -4.678313764699995, 0.0 ], [ -37.482457281099997, -4.673192448799997, 0.0 ], [ -37.482457281099997, -4.673192448799997, 0.0 ], [ -37.483982142499997, -4.6730772787, 0.0 ] ] ] ] } },
{ "type": "Feature", "properties": { "Name": null, "descriptio": "DGN_LEVEL_40", "timestamp": null, "begin": null, "end": null, "altitudeMo": null, "tessellate": -1, "extrude": 0, "visibility": -1, "drawOrder": null, "icon": null }, "geometry": { "type": "MultiPolygon", "coordinates": [ [ [ [ -37.480975241199999, -4.673304181200002, 0.0 ], [ -37.481280471399998, -4.678308098200003, 0.0 ], [ -37.481280471399998, -4.678308098200003, 0.0 ], [ -37.48276749730001, -4.678313764699995, 0.0 ], [ -37.48276749730001, -4.678313764699995, 0.0 ], [ -37.482457281099997, -4.673192448799997, 0.0 ], [ -37.482457281099997, -4.673192448799997, 0.0 ], [ -37.480975241199999, -4.673304181200002, 0.0 ] ] ] ] } },
{ "type": "Feature", "properties": { "Name": null, "descriptio": "DGN_LEVEL_40", "timestamp": null, "begin": null, "end": null, "altitudeMo": null, "tessellate": -1, "extrude": 0, "visibility": -1, "drawOrder": null, "icon": null }, "geometry": { "type": "MultiPolygon", "coordinates": [ [ [ [ -37.480008055100001, -4.678303075499992, 0.0 ], [ -37.481280471399998, -4.678308098200003, 0.0 ], [ -37.481280471399998, -4.678308098200003, 0.0 ], [ -37.480975241199999, -4.673304181200002, 0.0 ], [ -37.480975241199999, -4.673304181200002, 0.0 ], [ -37.479419642, -4.673420905599995, 0.0 ], [ -37.479419642, -4.673420905599995, 0.0 ], [ -37.480008055100001, -4.678303075499992, 0.0 ] ] ] ] } },
{ "type": "Feature", "properties": { "Name": null, "descriptio": "DGN_LEVEL_40", "timestamp": null, "begin": null, "end": null, "altitudeMo": null, "tessellate": -1, "extrude": 0, "visibility": -1, "drawOrder": null, "icon": null }, "geometry": { "type": "MultiPolygon", "coordinates": [ [ [ [ -37.489912326300001, -4.678338258500004, 0.0 ], [ -37.489861157199996, -4.684083991399999, 0.0 ], [ -37.489861157199996, -4.684083991399999, 0.0 ], [ -37.491332425400003, -4.684216762500008, 0.0 ], [ -37.491332425400003, -4.684216762500008, 0.0 ], [ -37.49137232, -4.678342853600006, 0.0 ], [ -37.49137232, -4.678342853600006, 0.0 ], [ -37.489912326300001, -4.678338258500004, 0.0 ] ] ] ] } },
{ "type": "Feature", "properties": { "Name": null, "descriptio": "DGN_LEVEL_40", "timestamp": null, "begin": null, "end": null, "altitudeMo": null, "tessellate": -1, "extrude": 0, "visibility": -1, "drawOrder": null, "icon": null }, "geometry": { "type": "MultiPolygon", "coordinates": [ [ [ [ -37.489912236199999, -4.678338258300002, 0.0 ], [ -37.488470270500002, -4.678333608600006, 0.0 ], [ -37.488470270500002, -4.678333608600006, 0.0 ], [ -37.4885140644, -4.683966498199996, 0.0 ], [ -37.488514154500002, -4.683966498299997, 0.0 ], [ -37.489861067100001, -4.684083991200007, 0.0 ], [ -37.489861157199996, -4.684083991399999, 0.0 ], [ -37.489912326300001, -4.678338258500004, 0.0 ], [ -37.489912236199999, -4.678338258300002, 0.0 ] ] ] ] } },
{ "type": "Feature", "properties": { "Name": null, "descriptio": "DGN_LEVEL_40", "timestamp": null, "begin": null, "end": null, "altitudeMo": null, "tessellate": -1, "extrude": 0, "visibility": -1, "drawOrder": null, "icon": null }, "geometry": { "type": "MultiPolygon", "coordinates": [ [ [ [ -37.487222489099999, -4.683852287800004, 0.0 ], [ -37.4885140644, -4.683966498199996, 0.0 ], [ -37.4885140644, -4.683966498199996, 0.0 ], [ -37.488470270500002, -4.678333608600006, 0.0 ], [ -37.488470360600004, -4.678333608799993, 0.0 ], [ -37.487120242899998, -4.678329064200002, 0.0 ], [ -37.487120152800003, -4.678329064, 0.0 ], [ -37.4872223992, -4.683852197200002, 0.0 ], [ -37.487222489099999, -4.683852287800004, 0.0 ] ] ] ] } },
{ "type": "Feature", "properties": { "Name": null, "descriptio": "DGN_LEVEL_40", "timestamp": null, "begin": null, "end": null, "altitudeMo": null, "tessellate": -1, "extrude": 0, "visibility": -1, "drawOrder": null, "icon": null }, "geometry": { "type": "MultiPolygon", "coordinates": [ [ [ [ -37.487120242899998, -4.678329064200002, 0.0 ], [ -37.4856782795, -4.678324227899996, 0.0 ], [ -37.4856782795, -4.678324227899996, 0.0 ], [ -37.485878736099998, -4.683733711799995, 0.0 ], [ -37.485878736099998, -4.683733711799995, 0.0 ], [ -37.487222489099999, -4.683852287800004, 0.0 ], [ -37.4872223992, -4.683852197200002, 0.0 ], [ -37.487120152800003, -4.678329064, 0.0 ], [ -37.487120242899998, -4.678329064200002, 0.0 ] ] ] ] } },
{ "type": "Feature", "properties": { "Name": null, "descriptio": "DGN_LEVEL_40", "timestamp": null, "begin": null, "end": null, "altitudeMo": null, "tessellate": -1, "extrude": 0, "visibility": -1, "drawOrder": null, "icon": null }, "geometry": { "type": "MultiPolygon", "coordinates": [ [ [ [ -37.484191341, -4.678318929499993, 0.0 ], [ -37.484534983800003, -4.683615404599999, 0.0 ], [ -37.484534983800003, -4.683615404599999, 0.0 ], [ -37.485878736099998, -4.683733711799995, 0.0 ], [ -37.485878736099998, -4.683733711799995, 0.0 ], [ -37.4856782795, -4.678324227899996, 0.0 ], [ -37.4856782795, -4.678324227899996, 0.0 ], [ -37.484191341, -4.678318929499993, 0.0 ] ] ] ] } },
{ "type": "Feature", "properties": { "Name": null, "descriptio": "DGN_LEVEL_40", "timestamp": null, "begin": null, "end": null, "altitudeMo": null, "tessellate": -1, "extrude": 0, "visibility": -1, "drawOrder": null, "icon": null }, "geometry": { "type": "MultiPolygon", "coordinates": [ [ [ [ -37.48276749730001, -4.678313764699995, 0.0 ], [ -37.483192944199999, -4.683497641400002, 0.0 ], [ -37.483192944199999, -4.683497641400002, 0.0 ], [ -37.484534983800003, -4.683615404599999, 0.0 ], [ -37.484534983800003, -4.683615404599999, 0.0 ], [ -37.484191341, -4.678318929499993, 0.0 ], [ -37.484191341, -4.678318929499993, 0.0 ], [ -37.48276749730001, -4.678313764699995, 0.0 ] ] ] ] } },
{ "type": "Feature", "properties": { "Name": null, "descriptio": "DGN_LEVEL_40", "timestamp": null, "begin": null, "end": null, "altitudeMo": null, "tessellate": -1, "extrude": 0, "visibility": -1, "drawOrder": null, "icon": null }, "geometry": { "type": "MultiPolygon", "coordinates": [ [ [ [ -37.481280471399998, -4.678308098200003, 0.0 ], [ -37.4818672169, -4.683381448500007, 0.0 ], [ -37.4818672169, -4.683381448500007, 0.0 ], [ -37.483192944199999, -4.683497641400002, 0.0 ], [ -37.483192944199999, -4.683497641400002, 0.0 ], [ -37.48276749730001, -4.678313764699995, 0.0 ], [ -37.48276749730001, -4.678313764699995, 0.0 ], [ -37.481280471399998, -4.678308098200003, 0.0 ] ] ] ] } },
{ "type": "Feature", "properties": { "Name": null, "descriptio": "DGN_LEVEL_40", "timestamp": null, "begin": null, "end": null, "altitudeMo": null, "tessellate": -1, "extrude": 0, "visibility": -1, "drawOrder": null, "icon": null }, "geometry": { "type": "MultiPolygon", "coordinates": [ [ [ [ -37.480008055100001, -4.678303075499992, 0.0 ], [ -37.480620253200001, -4.683272478299999, 0.0 ], [ -37.480620253200001, -4.683272478299999, 0.0 ], [ -37.4818672169, -4.683381448500007, 0.0 ], [ -37.4818672169, -4.683381448500007, 0.0 ], [ -37.481280471399998, -4.678308098200003, 0.0 ], [ -37.481280471399998, -4.678308098200003, 0.0 ], [ -37.480008055100001, -4.678303075499992, 0.0 ] ] ] ] } },
{ "type": "Feature", "properties": { "Name": null, "descriptio": "DGN_LEVEL_40", "timestamp": null, "begin": null, "end": null, "altitudeMo": null, "tessellate": -1, "extrude": 0, "visibility": -1, "drawOrder": null, "icon": null }, "geometry": { "type": "MultiPolygon", "coordinates": [ [ [ [ -37.489764532800002, -4.684167616699995, 0.0 ], [ -37.489863405599998, -4.689334340599993, 0.0 ], [ -37.489863405599998, -4.689334340599993, 0.0 ], [ -37.4912943199, -4.689501393700001, 0.0 ], [ -37.4912943199, -4.689501393700001, 0.0 ], [ -37.491331871, -4.684307197200003, 0.0 ], [ -37.491331871, -4.684307197200003, 0.0 ], [ -37.489764532800002, -4.684167616699995, 0.0 ] ] ] ] } },
{ "type": "Feature", "properties": { "Name": null, "descriptio": "DGN_LEVEL_40", "timestamp": null, "begin": null, "end": null, "altitudeMo": null, "tessellate": -1, "extrude": 0, "visibility": -1, "drawOrder": null, "icon": null }, "geometry": { "type": "MultiPolygon", "coordinates": [ [ [ [ -37.488241175600002, -4.684031202800006, 0.0 ], [ -37.488432492199998, -4.689167556099995, 0.0 ], [ -37.488432402100003, -4.689167555899995, 0.0 ], [ -37.489863405599998, -4.689334340599993, 0.0 ], [ -37.489863405599998, -4.689334340599993, 0.0 ], [ -37.489764532800002, -4.684167616699995, 0.0 ], [ -37.489764532800002, -4.684167616699995, 0.0 ], [ -37.488241175600002, -4.684031202800006, 0.0 ] ] ] ] } },
{ "type": "Feature", "properties": { "Name": null, "descriptio": "DGN_LEVEL_40", "timestamp": null, "begin": null, "end": null, "altitudeMo": null, "tessellate": -1, "extrude": 0, "visibility": -1, "drawOrder": null, "icon": null }, "geometry": { "type": "MultiPolygon", "coordinates": [ [ [ [ -37.488241085399999, -4.684031202599996, 0.0 ], [ -37.486690243200002, -4.683892646, 0.0 ], [ -37.486690243200002, -4.683892646, 0.0 ], [ -37.487046095899998, -4.689006201, 0.0 ], [ -37.487046095899998, -4.689006201, 0.0 ], [ -37.488432402100003, -4.689167555899995, 0.0 ], [ -37.488432492199998, -4.689167556099995, 0.0 ], [ -37.488241175600002, -4.684031202800006, 0.0 ], [ -37.488241085399999, -4.684031202599996, 0.0 ] ] ] ] } },
{ "type": "Feature", "properties": { "Name": null, "descriptio": "DGN_LEVEL_40", "timestamp": null, "begin": null, "end": null, "altitudeMo": null, "tessellate": -1, "extrude": 0, "visibility": -1, "drawOrder": null, "icon": null }, "geometry": { "type": "MultiPolygon", "coordinates": [ [ [ [ -37.485177520599997, -4.683758419299994, 0.0 ], [ -37.485615004300001, -4.6888399534, 0.0 ], [ -37.485615004300001, -4.6888399534, 0.0 ], [ -37.487046095899998, -4.689006201, 0.0 ], [ -37.487046095899998, -4.689006201, 0.0 ], [ -37.486690243200002, -4.683892646, 0.0 ], [ -37.486690243200002, -4.683892646, 0.0 ], [ -37.485177520599997, -4.683758419299994, 0.0 ] ] ] ] } },
{ "type": "Feature", "properties": { "Name": null, "descriptio": "DGN_LEVEL_40", "timestamp": null, "begin": null, "end": null, "altitudeMo": null, "tessellate": -1, "extrude": 0, "visibility": -1, "drawOrder": null, "icon": null }, "geometry": { "type": "MultiPolygon", "coordinates": [ [ [ [ -37.483610908700001, -4.683619550800001, 0.0 ], [ -37.4841393078, -4.688668722699998, 0.0 ], [ -37.4841393078, -4.688668722699998, 0.0 ], [ -37.485615004300001, -4.6888399534, 0.0 ], [ -37.485615004300001, -4.6888399534, 0.0 ], [ -37.485177520599997, -4.683758419299994, 0.0 ], [ -37.485177520599997, -4.683758419299994, 0.0 ], [ -37.483610908700001, -4.683619550800001, 0.0 ] ] ] ] } },
{ "type": "Feature", "properties": { "Name": null, "descriptio": "DGN_LEVEL_40", "timestamp": null, "begin": null, "end": null, "altitudeMo": null, "tessellate": -1, "extrude": 0, "visibility": -1, "drawOrder": null, "icon": null }, "geometry": { "type": "MultiPolygon", "coordinates": [ [ [ [ -37.482753004400003, -4.688508264299995, 0.0 ], [ -37.4841393078, -4.688668722699998, 0.0 ], [ -37.4841393078, -4.688668722699998, 0.0 ], [ -37.483610908700001, -4.683619550800001, 0.0 ], [ -37.483610908700001, -4.683619550800001, 0.0 ], [ -37.482051328200001, -4.683481146400002, 0.0 ], [ -37.482051328200001, -4.683481146400002, 0.0 ], [ -37.482750029100011, -4.688508619600003, 0.0 ], [ -37.482750029100011, -4.688508619600003, 0.0 ], [ -37.482753004400003, -4.688508264299995, 0.0 ] ] ] ] } },
{ "type": "Feature", "properties": { "Name": null, "descriptio": "DGN_LEVEL_40", "timestamp": null, "begin": null, "end": null, "altitudeMo": null, "tessellate": -1, "extrude": 0, "visibility": -1, "drawOrder": null, "icon": null }, "geometry": { "type": "MultiPolygon", "coordinates": [ [ [ [ -37.480631957600004, -4.683362125299999, 0.0 ], [ -37.4812664062, -4.688336371300008, 0.0 ], [ -37.4812664062, -4.688336371300008, 0.0 ], [ -37.482753004400003, -4.688508264299995, 0.0 ], [ -37.482753004400003, -4.688508264299995, 0.0 ], [ -37.482051328200001, -4.683481146400002, 0.0 ], [ -37.482051328200001, -4.683481146400002, 0.0 ], [ -37.480631957600004, -4.683362125299999, 0.0 ] ] ] ] } },
{ "type": "Feature", "properties": { "Name": null, "descriptio": "DGN_LEVEL_40", "timestamp": null, "begin": null, "end": null, "altitudeMo": null, "tessellate": -1, "extrude": 0, "visibility": -1, "drawOrder": null, "icon": null }, "geometry": { "type": "MultiPolygon", "coordinates": [ [ [ [ -37.488515074200002, -4.694648415199999, 0.0 ], [ -37.489884387099998, -4.694921241399994, 0.0 ], [ -37.489884387099998, -4.694921241399994, 0.0 ], [ -37.489863495900003, -4.689334250400004, 0.0 ], [ -37.489863405599998, -4.689334340599993, 0.0 ], [ -37.488432402100003, -4.689167555899995, 0.0 ], [ -37.488432582500003, -4.689167465900005, 0.0 ], [ -37.488515164500001, -4.694648325, 0.0 ], [ -37.488515074200002, -4.694648415199999, 0.0 ] ] ] ] } },
{ "type": "Feature", "properties": { "Name": null, "descriptio": "DGN_LEVEL_40", "timestamp": null, "begin": null, "end": null, "altitudeMo": null, "tessellate": -1, "extrude": 0, "visibility": -1, "drawOrder": null, "icon": null }, "geometry": { "type": "MultiPolygon", "coordinates": [ [ [ [ -37.488432402100003, -4.689167555899995, 0.0 ], [ -37.487046095899998, -4.689006201, 0.0 ], [ -37.487046095899998, -4.689006201, 0.0 ], [ -37.487146838199997, -4.694378663800008, 0.0 ], [ -37.487146838199997, -4.694378663800008, 0.0 ], [ -37.488515074200002, -4.694648415199999, 0.0 ], [ -37.488515164500001, -4.694648325, 0.0 ], [ -37.488432582500003, -4.689167465900005, 0.0 ], [ -37.488432402100003, -4.689167555899995, 0.0 ] ] ] ] } },
{ "type": "Feature", "properties": { "Name": null, "descriptio": "DGN_LEVEL_40", "timestamp": null, "begin": null, "end": null, "altitudeMo": null, "tessellate": -1, "extrude": 0, "visibility": -1, "drawOrder": null, "icon": null }, "geometry": { "type": "MultiPolygon", "coordinates": [ [ [ [ -37.4841393078, -4.688668722699998, 0.0 ], [ -37.484451553500001, -4.693844126899991, 0.0 ], [ -37.484451553500001, -4.693844126899991, 0.0 ], [ -37.485822215200002, -4.694115877800009, 0.0 ], [ -37.485822215200002, -4.694115877800009, 0.0 ], [ -37.485615004300001, -4.6888399534, 0.0 ], [ -37.485615004300001, -4.6888399534, 0.0 ], [ -37.4841393078, -4.688668722699998, 0.0 ] ] ] ] } },
{ "type": "Feature", "properties": { "Name": null, "descriptio": "DGN_LEVEL_40", "timestamp": null, "begin": null, "end": null, "altitudeMo": null, "tessellate": -1, "extrude": 0, "visibility": -1, "drawOrder": null, "icon": null }, "geometry": { "type": "MultiPolygon", "coordinates": [ [ [ [ -37.482753004400003, -4.688508264299995, 0.0 ], [ -37.483082425399999, -4.693572648300007, 0.0 ], [ -37.483082425399999, -4.693572648300007, 0.0 ], [ -37.484451553500001, -4.693844126899991, 0.0 ], [ -37.484451553500001, -4.693844126899991, 0.0 ], [ -37.4841393078, -4.688668722699998, 0.0 ], [ -37.4841393078, -4.688668722699998, 0.0 ], [ -37.482753004400003, -4.688508264299995, 0.0 ] ] ] ] } },
{ "type": "Feature", "properties": { "Name": null, "descriptio": "DGN_LEVEL_40", "timestamp": null, "begin": null, "end": null, "altitudeMo": null, "tessellate": -1, "extrude": 0, "visibility": -1, "drawOrder": null, "icon": null }, "geometry": { "type": "MultiPolygon", "coordinates": [ [ [ [ -37.481892052299997, -4.693337007, 0.0 ], [ -37.483082425399999, -4.693572648300007, 0.0 ], [ -37.483082425399999, -4.693572648300007, 0.0 ], [ -37.482753004400003, -4.688508264299995, 0.0 ], [ -37.482753004400003, -4.688508264299995, 0.0 ], [ -37.4812664062, -4.688336371300008, 0.0 ], [ -37.4812664062, -4.688336371300008, 0.0 ], [ -37.481892052299997, -4.693337007, 0.0 ] ] ] ] } },
{ "type": "Feature", "properties": { "Name": null, "descriptio": "DGN_LEVEL_40", "timestamp": null, "begin": null, "end": null, "altitudeMo": null, "tessellate": -1, "extrude": 0, "visibility": -1, "drawOrder": null, "icon": null }, "geometry": { "type": "MultiPolygon", "coordinates": [ [ [ [ -37.489444062099999, -4.694924176700007, 0.0 ], [ -37.489589902900001, -4.699866448600005, 0.0 ], [ -37.489589902900001, -4.699866448600005, 0.0 ], [ -37.491217559200003, -4.700223850499999, 0.0 ], [ -37.491217559200003, -4.700223850499999, 0.0 ], [ -37.491253057900003, -4.695284047600004, 0.0 ], [ -37.491253057900003, -4.695284047600004, 0.0 ], [ -37.489444062099999, -4.694924176700007, 0.0 ] ] ] ] } },
{ "type": "Feature", "properties": { "Name": null, "descriptio": "DGN_LEVEL_40", "timestamp": null, "begin": null, "end": null, "altitudeMo": null, "tessellate": -1, "extrude": 0, "visibility": -1, "drawOrder": null, "icon": null }, "geometry": { "type": "MultiPolygon", "coordinates": [ [ [ [ -37.487899868699998, -4.694616695500008, 0.0 ], [ -37.488138294300001, -4.699547860600007, 0.0 ], [ -37.488138294300001, -4.699547860600007, 0.0 ], [ -37.489589902900001, -4.699866448600005, 0.0 ], [ -37.489589902900001, -4.699866448600005, 0.0 ], [ -37.489444062099999, -4.694924176700007, 0.0 ], [ -37.489444062099999, -4.694924176700007, 0.0 ], [ -37.487899868699998, -4.694616695500008, 0.0 ] ] ] ] } },
{ "type": "Feature", "properties": { "Name": null, "descriptio": "DGN_LEVEL_40", "timestamp": null, "begin": null, "end": null, "altitudeMo": null, "tessellate": -1, "extrude": 0, "visibility": -1, "drawOrder": null, "icon": null }, "geometry": { "type": "MultiPolygon", "coordinates": [ [ [ [ -37.487899868699998, -4.694616695500008, 0.0 ], [ -37.486402527800003, -4.694318989500005, 0.0 ], [ -37.486402527800003, -4.694318989500005, 0.0 ], [ -37.486686867700001, -4.699229451299991, 0.0 ], [ -37.486686867700001, -4.699229451299991, 0.0 ], [ -37.488138294300001, -4.699547860600007, 0.0 ], [ -37.488138294300001, -4.699547860600007, 0.0 ], [ -37.487899868699998, -4.694616695500008, 0.0 ] ] ] ] } },
{ "type": "Feature", "properties": { "Name": null, "descriptio": "DGN_LEVEL_40", "timestamp": null, "begin": null, "end": null, "altitudeMo": null, "tessellate": -1, "extrude": 0, "visibility": -1, "drawOrder": null, "icon": null }, "geometry": { "type": "MultiPolygon", "coordinates": [ [ [ [ -37.484755357, -4.693991111599999, 0.0 ], [ -37.485191387100002, -4.6989014479, 0.0 ], [ -37.485191387100002, -4.6989014479, 0.0 ], [ -37.486686867700001, -4.699229451299991, 0.0 ], [ -37.486686867700001, -4.699229451299991, 0.0 ], [ -37.486402527800003, -4.694318989500005, 0.0 ], [ -37.486402527800003, -4.694318989500005, 0.0 ], [ -37.484755357, -4.693991111599999, 0.0 ] ] ] ] } },
{ "type": "Feature", "properties": { "Name": null, "descriptio": "DGN_LEVEL_40", "timestamp": null, "begin": null, "end": null, "altitudeMo": null, "tessellate": -1, "extrude": 0, "visibility": -1, "drawOrder": null, "icon": null }, "geometry": { "type": "MultiPolygon", "coordinates": [ [ [ [ -37.483230715700003, -4.693690536900007, 0.0 ], [ -37.483695638, -4.698573622, 0.0 ], [ -37.483695638, -4.698573622, 0.0 ], [ -37.485191387100002, -4.6989014479, 0.0 ], [ -37.485191387100002, -4.6989014479, 0.0 ], [ -37.484755357, -4.693991111599999, 0.0 ], [ -37.484755357, -4.693991111599999, 0.0 ], [ -37.483230715700003, -4.693690536900007, 0.0 ] ] ] ] } },
{ "type": "Feature", "properties": { "Name": null, "descriptio": "DGN_LEVEL_40", "timestamp": null, "begin": null, "end": null, "altitudeMo": null, "tessellate": -1, "extrude": 0, "visibility": -1, "drawOrder": null, "icon": null }, "geometry": { "type": "MultiPolygon", "coordinates": [ [ [ [ -37.481903936800002, -4.693426654400003, 0.0 ], [ -37.482557295399999, -4.698324165100007, 0.0 ], [ -37.482557295399999, -4.698324165100007, 0.0 ], [ -37.483695638, -4.698573622, 0.0 ], [ -37.483695638, -4.698573622, 0.0 ], [ -37.483230715700003, -4.693690536900007, 0.0 ], [ -37.483230715700003, -4.693690536900007, 0.0 ], [ -37.481903936800002, -4.693426654400003, 0.0 ] ] ] ] } },
{ "type": "Feature", "properties": { "Name": null, "descriptio": "DGN_LEVEL_40", "timestamp": null, "begin": null, "end": null, "altitudeMo": null, "tessellate": -1, "extrude": 0, "visibility": -1, "drawOrder": null, "icon": null }, "geometry": { "type": "MultiPolygon", "coordinates": [ [ [ [ -37.489589902900001, -4.699866448600005, 0.0 ], [ -37.489864047600001, -4.705456338400004, 0.0 ], [ -37.489864047600001, -4.705456338400004, 0.0 ], [ -37.491164351599998, -4.705847309299998, 0.0 ], [ -37.491164351599998, -4.705847309299998, 0.0 ], [ -37.491217559200003, -4.700223850499999, 0.0 ], [ -37.491217559200003, -4.700223850499999, 0.0 ], [ -37.489589902900001, -4.699866448600005, 0.0 ] ] ] ] } },
{ "type": "Feature", "properties": { "Name": null, "descriptio": "DGN_LEVEL_40", "timestamp": null, "begin": null, "end": null, "altitudeMo": null, "tessellate": -1, "extrude": 0, "visibility": -1, "drawOrder": null, "icon": null }, "geometry": { "type": "MultiPolygon", "coordinates": [ [ [ [ -37.488138294300001, -4.699547860600007, 0.0 ], [ -37.488617432900007, -4.705081670099992, 0.0 ], [ -37.488617432900007, -4.705081670099992, 0.0 ], [ -37.489864047600001, -4.705456338400004, 0.0 ], [ -37.489864047600001, -4.705456338400004, 0.0 ], [ -37.489589902900001, -4.699866448600005, 0.0 ], [ -37.489589902900001, -4.699866448600005, 0.0 ], [ -37.488138294300001, -4.699547860600007, 0.0 ] ] ] ] } },
{ "type": "Feature", "properties": { "Name": null, "descriptio": "DGN_LEVEL_40", "timestamp": null, "begin": null, "end": null, "altitudeMo": null, "tessellate": -1, "extrude": 0, "visibility": -1, "drawOrder": null, "icon": null }, "geometry": { "type": "MultiPolygon", "coordinates": [ [ [ [ -37.488138294300001, -4.699547860600007, 0.0 ], [ -37.486686867700001, -4.699229451299991, 0.0 ], [ -37.486686867700001, -4.699229451299991, 0.0 ], [ -37.487236076599999, -4.704659318900005, 0.0 ], [ -37.487236076599999, -4.704659318900005, 0.0 ], [ -37.488617432900007, -4.705081670099992, 0.0 ], [ -37.488617432900007, -4.705081670099992, 0.0 ], [ -37.488138294300001, -4.699547860600007, 0.0 ] ] ] ] } },
{ "type": "Feature", "properties": { "Name": null, "descriptio": "DGN_LEVEL_40", "timestamp": null, "begin": null, "end": null, "altitudeMo": null, "tessellate": -1, "extrude": 0, "visibility": -1, "drawOrder": null, "icon": null }, "geometry": { "type": "MultiPolygon", "coordinates": [ [ [ [ -37.485191387100002, -4.6989014479, 0.0 ], [ -37.485855651, -4.704224487299999, 0.0 ], [ -37.485855651, -4.704224487299999, 0.0 ], [ -37.487236076599999, -4.704659318900005, 0.0 ], [ -37.487236076599999, -4.704659318900005, 0.0 ], [ -37.486686867700001, -4.699229451299991, 0.0 ], [ -37.486686867700001, -4.699229451299991, 0.0 ], [ -37.485191387100002, -4.6989014479, 0.0 ] ] ] ] } },
{ "type": "Feature", "properties": { "Name": null, "descriptio": "DGN_LEVEL_40", "timestamp": null, "begin": null, "end": null, "altitudeMo": null, "tessellate": -1, "extrude": 0, "visibility": -1, "drawOrder": null, "icon": null }, "geometry": { "type": "MultiPolygon", "coordinates": [ [ [ [ -37.483695638, -4.698573622, 0.0 ], [ -37.484478499, -4.703777632700006, 0.0 ], [ -37.484478499, -4.703777632700006, 0.0 ], [ -37.485855651, -4.704224487299999, 0.0 ], [ -37.485855651, -4.704224487299999, 0.0 ], [ -37.485191387100002, -4.6989014479, 0.0 ], [ -37.485191387100002, -4.6989014479, 0.0 ], [ -37.483695638, -4.698573622, 0.0 ] ] ] ] } },
{ "type": "Feature", "properties": { "Name": null, "descriptio": "DGN_LEVEL_40", "timestamp": null, "begin": null, "end": null, "altitudeMo": null, "tessellate": -1, "extrude": 0, "visibility": -1, "drawOrder": null, "icon": null }, "geometry": { "type": "MultiPolygon", "coordinates": [ [ [ [ -37.462403162, -4.669998256800007, 0.0 ], [ -37.462528630900003, -4.672933591900003, 0.0 ], [ -37.462528630900003, -4.672933591900003, 0.0 ], [ -37.464289822, -4.673475179199999, 0.0 ], [ -37.464289822, -4.673475179199999, 0.0 ], [ -37.464242412499999, -4.669540346300004, 0.0 ], [ -37.464242412499999, -4.669540346300004, 0.0 ], [ -37.462403162, -4.669998256800007, 0.0 ] ] ] ] } },
{ "type": "Feature", "properties": { "Name": null, "descriptio": "DGN_LEVEL_40", "timestamp": null, "begin": null, "end": null, "altitudeMo": null, "tessellate": -1, "extrude": 0, "visibility": -1, "drawOrder": null, "icon": null }, "geometry": { "type": "MultiPolygon", "coordinates": [ [ [ [ -37.477944422100002, -4.682436100500006, 0.0 ], [ -37.4805315296, -4.683244974, 0.0 ], [ -37.4805315296, -4.683244974, 0.0 ], [ -37.480008055100001, -4.678303075499992, 0.0 ], [ -37.480008055100001, -4.678303075499992, 0.0 ], [ -37.478279162500002, -4.677772532899995, 0.0 ], [ -37.478279162500002, -4.677772532899995, 0.0 ], [ -37.477944422100002, -4.682436100500006, 0.0 ] ] ] ] } },
{ "type": "Feature", "properties": { "Name": null, "descriptio": "DGN_LEVEL_40", "timestamp": null, "begin": null, "end": null, "altitudeMo": null, "tessellate": -1, "extrude": 0, "visibility": -1, "drawOrder": null, "icon": null }, "geometry": { "type": "MultiPolygon", "coordinates": [ [ [ [ -37.476724658, -4.677295361399999, 0.0 ], [ -37.476393080900003, -4.681950883199996, 0.0 ], [ -37.476393080900003, -4.681950883199996, 0.0 ], [ -37.477944422100002, -4.682436100500006, 0.0 ], [ -37.477944422100002, -4.682436100500006, 0.0 ], [ -37.478279162500002, -4.677772532899995, 0.0 ], [ -37.478279162500002, -4.677772532899995, 0.0 ], [ -37.476724658, -4.677295361399999, 0.0 ] ] ] ] } },
{ "type": "Feature", "properties": { "Name": null, "descriptio": "DGN_LEVEL_40", "timestamp": null, "begin": null, "end": null, "altitudeMo": null, "tessellate": -1, "extrude": 0, "visibility": -1, "drawOrder": null, "icon": null }, "geometry": { "type": "MultiPolygon", "coordinates": [ [ [ [ -37.4751533126, -4.6768130861, 0.0 ], [ -37.474841563200002, -4.681465391400002, 0.0 ], [ -37.474841563200002, -4.681465391400002, 0.0 ], [ -37.476393080900003, -4.681950883199996, 0.0 ], [ -37.476393080900003, -4.681950883199996, 0.0 ], [ -37.476724658, -4.677295361399999, 0.0 ], [ -37.476724658, -4.677295361399999, 0.0 ], [ -37.4751533126, -4.6768130861, 0.0 ] ] ] ] } },
{ "type": "Feature", "properties": { "Name": null, "descriptio": "DGN_LEVEL_40", "timestamp": null, "begin": null, "end": null, "altitudeMo": null, "tessellate": -1, "extrude": 0, "visibility": -1, "drawOrder": null, "icon": null }, "geometry": { "type": "MultiPolygon", "coordinates": [ [ [ [ -37.473616108900003, -4.676341101500008, 0.0 ], [ -37.473288518099999, -4.680979079700005, 0.0 ], [ -37.473288518099999, -4.680979079700005, 0.0 ], [ -37.474841563200002, -4.681465391400002, 0.0 ], [ -37.474841563200002, -4.681465391400002, 0.0 ], [ -37.4751533126, -4.6768130861, 0.0 ], [ -37.4751533126, -4.6768130861, 0.0 ], [ -37.473616108900003, -4.676341101500008, 0.0 ] ] ] ] } },
{ "type": "Feature", "properties": { "Name": null, "descriptio": "DGN_LEVEL_40", "timestamp": null, "begin": null, "end": null, "altitudeMo": null, "tessellate": -1, "extrude": 0, "visibility": -1, "drawOrder": null, "icon": null }, "geometry": { "type": "MultiPolygon", "coordinates": [ [ [ [ -37.472061614499999, -4.67586356, 0.0 ], [ -37.471738989599999, -4.680493586799995, 0.0 ], [ -37.471738989599999, -4.680493586799995, 0.0 ], [ -37.473288518099999, -4.680979079700005, 0.0 ], [ -37.473288518099999, -4.680979079700005, 0.0 ], [ -37.473616108900003, -4.676341101500008, 0.0 ], [ -37.473616108900003, -4.676341101500008, 0.0 ], [ -37.472061614499999, -4.67586356, 0.0 ] ] ] ] } },
{ "type": "Feature", "properties": { "Name": null, "descriptio": "DGN_LEVEL_40", "timestamp": null, "begin": null, "end": null, "altitudeMo": null, "tessellate": -1, "extrude": 0, "visibility": -1, "drawOrder": null, "icon": null }, "geometry": { "type": "MultiPolygon", "coordinates": [ [ [ [ -37.470507123300003, -4.675386015699993, 0.0 ], [ -37.470187753300003, -4.680007363899996, 0.0 ], [ -37.470187753300003, -4.680007363899996, 0.0 ], [ -37.471738989599999, -4.680493586799995, 0.0 ], [ -37.471738989599999, -4.680493586799995, 0.0 ], [ -37.472061614499999, -4.67586356, 0.0 ], [ -37.472061614499999, -4.67586356, 0.0 ], [ -37.470507123300003, -4.675386015699993, 0.0 ] ] ] ] } },
{ "type": "Feature", "properties": { "Name": null, "descriptio": "DGN_LEVEL_40", "timestamp": null, "begin": null, "end": null, "altitudeMo": null, "tessellate": -1, "extrude": 0, "visibility": -1, "drawOrder": null, "icon": null }, "geometry": { "type": "MultiPolygon", "coordinates": [ [ [ [ -37.468952815500003, -4.674908469, 0.0 ], [ -37.468634809400001, -4.679520320599993, 0.0 ], [ -37.468634809400001, -4.679520320599993, 0.0 ], [ -37.470187753300003, -4.680007363899996, 0.0 ], [ -37.470187753300003, -4.680007363899996, 0.0 ], [ -37.470507123300003, -4.675386015699993, 0.0 ], [ -37.470507123300003, -4.675386015699993, 0.0 ], [ -37.468952815500003, -4.674908469, 0.0 ] ] ] ] } },
{ "type": "Feature", "properties": { "Name": null, "descriptio": "DGN_LEVEL_40", "timestamp": null, "begin": null, "end": null, "altitudeMo": null, "tessellate": -1, "extrude": 0, "visibility": -1, "drawOrder": null, "icon": null }, "geometry": { "type": "MultiPolygon", "coordinates": [ [ [ [ -37.467398511200003, -4.674430738700002, 0.0 ], [ -37.4670837607, -4.679033640500002, 0.0 ], [ -37.4670837607, -4.679033640500002, 0.0 ], [ -37.468634809400001, -4.679520320599993, 0.0 ], [ -37.468634809400001, -4.679520320599993, 0.0 ], [ -37.468952815500003, -4.674908469, 0.0 ], [ -37.468952815500003, -4.674908469, 0.0 ], [ -37.467398511200003, -4.674430738700002, 0.0 ] ] ] ] } },
{ "type": "Feature", "properties": { "Name": null, "descriptio": "DGN_LEVEL_40", "timestamp": null, "begin": null, "end": null, "altitudeMo": null, "tessellate": -1, "extrude": 0, "visibility": -1, "drawOrder": null, "icon": null }, "geometry": { "type": "MultiPolygon", "coordinates": [ [ [ [ -37.464289822, -4.673475179199999, 0.0 ], [ -37.463979062600004, -4.678058548, 0.0 ], [ -37.463979062600004, -4.678058548, 0.0 ], [ -37.465531544800001, -4.678546322, 0.0 ], [ -37.465531544800001, -4.678546322, 0.0 ], [ -37.465844119700009, -4.673953095899996, 0.0 ], [ -37.465844119700009, -4.673953095899996, 0.0 ], [ -37.464289822, -4.673475179199999, 0.0 ] ] ] ] } },
{ "type": "Feature", "properties": { "Name": null, "descriptio": "DGN_LEVEL_40", "timestamp": null, "begin": null, "end": null, "altitudeMo": null, "tessellate": -1, "extrude": 0, "visibility": -1, "drawOrder": null, "icon": null }, "geometry": { "type": "MultiPolygon", "coordinates": [ [ [ [ -37.462528630900003, -4.672933591900003, 0.0 ], [ -37.462173122099998, -4.677490903300003, 0.0 ], [ -37.462173122099998, -4.677490903300003, 0.0 ], [ -37.463979062600004, -4.678058548, 0.0 ], [ -37.463979062600004, -4.678058548, 0.0 ], [ -37.464289822, -4.673475179199999, 0.0 ], [ -37.464289822, -4.673475179199999, 0.0 ], [ -37.462528630900003, -4.672933591900003, 0.0 ] ] ] ] } },
{ "type": "Feature", "properties": { "Name": null, "descriptio": "DGN_LEVEL_40", "timestamp": null, "begin": null, "end": null, "altitudeMo": null, "tessellate": -1, "extrude": 0, "visibility": -1, "drawOrder": null, "icon": null }, "geometry": { "type": "MultiPolygon", "coordinates": [ [ [ [ -37.462528630900003, -4.672933591900003, 0.0 ], [ -37.460430393400003, -4.6722881653, 0.0 ], [ -37.460430393400003, -4.6722881653, 0.0 ], [ -37.4605042727, -4.676967326699994, 0.0 ], [ -37.4605042727, -4.676967326699994, 0.0 ], [ -37.462173122099998, -4.677490903300003, 0.0 ], [ -37.462173122099998, -4.677490903300003, 0.0 ], [ -37.462528630900003, -4.672933591900003, 0.0 ] ] ] ] } },
{ "type": "Feature", "properties": { "Name": null, "descriptio": "DGN_LEVEL_40", "timestamp": null, "begin": null, "end": null, "altitudeMo": null, "tessellate": -1, "extrude": 0, "visibility": -1, "drawOrder": null, "icon": null }, "geometry": { "type": "MultiPolygon", "coordinates": [ [ [ [ -37.460430393400003, -4.6722881653, 0.0 ], [ -37.458546263199999, -4.671708498300004, 0.0 ], [ -37.458546263199999, -4.671708498300004, 0.0 ], [ -37.458632231800003, -4.676377192, 0.0 ], [ -37.458632231800003, -4.676377192, 0.0 ], [ -37.4605042727, -4.676967326699994, 0.0 ], [ -37.4605042727, -4.676967326699994, 0.0 ], [ -37.460430393400003, -4.6722881653, 0.0 ] ] ] ] } },
{ "type": "Feature", "properties": { "Name": null, "descriptio": "DGN_LEVEL_40", "timestamp": null, "begin": null, "end": null, "altitudeMo": null, "tessellate": -1, "extrude": 0, "visibility": -1, "drawOrder": null, "icon": null }, "geometry": { "type": "MultiPolygon", "coordinates": [ [ [ [ -37.458546263199999, -4.671708498300004, 0.0 ], [ -37.457120423699998, -4.671269647700004, 0.0 ], [ -37.457120423699998, -4.671269647700004, 0.0 ], [ -37.456997635599997, -4.675855945, 0.0 ], [ -37.456997635599997, -4.675855945, 0.0 ], [ -37.458632231800003, -4.676377192, 0.0 ], [ -37.458632231800003, -4.676377192, 0.0 ], [ -37.458546263199999, -4.671708498300004, 0.0 ] ] ] ] } },
{ "type": "Feature", "properties": { "Name": null, "descriptio": "DGN_LEVEL_40", "timestamp": null, "begin": null, "end": null, "altitudeMo": null, "tessellate": -1, "extrude": 0, "visibility": -1, "drawOrder": null, "icon": null }, "geometry": { "type": "MultiPolygon", "coordinates": [ [ [ [ -37.457120423699998, -4.671269647700004, 0.0 ], [ -37.455595695699998, -4.671661850699998, 0.0 ], [ -37.455595695699998, -4.671661850699998, 0.0 ], [ -37.455444798400002, -4.675373581199991, 0.0 ], [ -37.455444798400002, -4.675373581199991, 0.0 ], [ -37.456997635599997, -4.675855945, 0.0 ], [ -37.456997635599997, -4.675855945, 0.0 ], [ -37.457120423699998, -4.671269647700004, 0.0 ] ] ] ] } },
{ "type": "Feature", "properties": { "Name": null, "descriptio": "DGN_LEVEL_40", "timestamp": null, "begin": null, "end": null, "altitudeMo": null, "tessellate": -1, "extrude": 0, "visibility": -1, "drawOrder": null, "icon": null }, "geometry": { "type": "MultiPolygon", "coordinates": [ [ [ [ -37.455595695699998, -4.671661850699998, 0.0 ], [ -37.450185133399998, -4.673716059799992, 0.0 ], [ -37.450185133399998, -4.673716059799992, 0.0 ], [ -37.455444798400002, -4.675373581199991, 0.0 ], [ -37.455444798400002, -4.675373581199991, 0.0 ], [ -37.455595695699998, -4.671661850699998, 0.0 ] ] ] ] } },
{ "type": "Feature", "properties": { "Name": null, "descriptio": "DGN_LEVEL_40", "timestamp": null, "begin": null, "end": null, "altitudeMo": null, "tessellate": -1, "extrude": 0, "visibility": -1, "drawOrder": null, "icon": null }, "geometry": { "type": "MultiPolygon", "coordinates": [ [ [ [ -37.481045116, -4.687254643400001, 0.0 ], [ -37.4805315296, -4.683244974, 0.0 ], [ -37.4805315296, -4.683244974, 0.0 ], [ -37.478894432399997, -4.682733077200007, 0.0 ], [ -37.478894432399997, -4.682733077200007, 0.0 ], [ -37.4789009984, -4.686742545500001, 0.0 ], [ -37.4789009984, -4.686742545500001, 0.0 ], [ -37.481045116, -4.687254643400001, 0.0 ] ] ] ] } },
{ "type": "Feature", "properties": { "Name": null, "descriptio": "DGN_LEVEL_40", "timestamp": null, "begin": null, "end": null, "altitudeMo": null, "tessellate": -1, "extrude": 0, "visibility": -1, "drawOrder": null, "icon": null }, "geometry": { "type": "MultiPolygon", "coordinates": [ [ [ [ -37.478852821499999, -4.687555002700001, 0.0 ], [ -37.4789009984, -4.686742545500001, 0.0 ], [ -37.4789009984, -4.686742545500001, 0.0 ], [ -37.478894432399997, -4.682733077200007, 0.0 ], [ -37.478894432399997, -4.682733077200007, 0.0 ], [ -37.477341107100003, -4.682247495599997, 0.0 ], [ -37.477341107100003, -4.682247495599997, 0.0 ], [ -37.477280969500001, -4.687046044900005, 0.0 ], [ -37.477280969500001, -4.687046044900005, 0.0 ], [ -37.478852821499999, -4.687555002700001, 0.0 ] ] ] ] } },
{ "type": "Feature", "properties": { "Name": null, "descriptio": "DGN_LEVEL_40", "timestamp": null, "begin": null, "end": null, "altitudeMo": null, "tessellate": -1, "extrude": 0, "visibility": -1, "drawOrder": null, "icon": null }, "geometry": { "type": "MultiPolygon", "coordinates": [ [ [ [ -37.4757350621, -4.686545189599998, 0.0 ], [ -37.477280969500001, -4.687046044900005, 0.0 ], [ -37.477280969500001, -4.687046044900005, 0.0 ], [ -37.477341107100003, -4.682247495599997, 0.0 ], [ -37.477341107100003, -4.682247495599997, 0.0 ], [ -37.475789677400002, -4.681762096099994, 0.0 ], [ -37.475789677400002, -4.681762096099994, 0.0 ], [ -37.4757350621, -4.686545189599998, 0.0 ] ] ] ] } },
{ "type": "Feature", "properties": { "Name": null, "descriptio": "DGN_LEVEL_40", "timestamp": null, "begin": null, "end": null, "altitudeMo": null, "tessellate": -1, "extrude": 0, "visibility": -1, "drawOrder": null, "icon": null }, "geometry": { "type": "MultiPolygon", "coordinates": [ [ [ [ -37.4741893383, -4.686044241499997, 0.0 ], [ -37.4757350621, -4.686545189599998, 0.0 ], [ -37.4757350621, -4.686545189599998, 0.0 ], [ -37.4741893383, -4.686044241499997, 0.0 ] ] ] ] } },
{ "type": "Feature", "properties": { "Name": null, "descriptio": "DGN_LEVEL_40", "timestamp": null, "begin": null, "end": null, "altitudeMo": null, "tessellate": -1, "extrude": 0, "visibility": -1, "drawOrder": null, "icon": null }, "geometry": { "type": "MultiPolygon", "coordinates": [ [ [ [ -37.4741893383, -4.686044241499997, 0.0 ], [ -37.4757350621, -4.686545189599998, 0.0 ], [ -37.4757350621, -4.686545189599998, 0.0 ], [ -37.475789677400002, -4.681762096099994, 0.0 ], [ -37.475789677400002, -4.681762096099994, 0.0 ], [ -37.474238341400003, -4.681276513299997, 0.0 ], [ -37.474238341400003, -4.681276513299997, 0.0 ], [ -37.4741893383, -4.686044241499997, 0.0 ] ] ] ] } },
{ "type": "Feature", "properties": { "Name": null, "descriptio": "DGN_LEVEL_40", "timestamp": null, "begin": null, "end": null, "altitudeMo": null, "tessellate": -1, "extrude": 0, "visibility": -1, "drawOrder": null, "icon": null }, "geometry": { "type": "MultiPolygon", "coordinates": [ [ [ [ -37.472646050400002, -4.685543748199996, 0.0 ], [ -37.4741893383, -4.686044241499997, 0.0 ], [ -37.4741893383, -4.686044241499997, 0.0 ], [ -37.474238341400003, -4.681276513299997, 0.0 ], [ -37.474238341400003, -4.681276513299997, 0.0 ], [ -37.472686919, -4.680790656200001, 0.0 ], [ -37.472686919, -4.680790656200001, 0.0 ], [ -37.472646050400002, -4.685543748199996, 0.0 ] ] ] ] } },
{ "type": "Feature", "properties": { "Name": null, "descriptio": "DGN_LEVEL_40", "timestamp": null, "begin": null, "end": null, "altitudeMo": null, "tessellate": -1, "extrude": 0, "visibility": -1, "drawOrder": null, "icon": null }, "geometry": { "type": "MultiPolygon", "coordinates": [ [ [ [ -37.471100153800002, -4.685042342200007, 0.0 ], [ -37.472646050400002, -4.685543748199996, 0.0 ], [ -37.472646050400002, -4.685543748199996, 0.0 ], [ -37.472686919, -4.680790656200001, 0.0 ], [ -37.472686919, -4.680790656200001, 0.0 ], [ -37.471135590400003, -4.680304525300006, 0.0 ], [ -37.471135590400003, -4.680304525300006, 0.0 ], [ -37.471100153800002, -4.685042342200007, 0.0 ] ] ] ] } },
{ "type": "Feature", "properties": { "Name": null, "descriptio": "DGN_LEVEL_40", "timestamp": null, "begin": null, "end": null, "altitudeMo": null, "tessellate": -1, "extrude": 0, "visibility": -1, "drawOrder": null, "icon": null }, "geometry": { "type": "MultiPolygon", "coordinates": [ [ [ [ -37.469556152199999, -4.684541389800001, 0.0 ], [ -37.471100153800002, -4.685042342200007, 0.0 ], [ -37.471100153800002, -4.685042342200007, 0.0 ], [ -37.471135590400003, -4.680304525300006, 0.0 ], [ -37.471135590400003, -4.680304525300006, 0.0 ], [ -37.469584445899997, -4.679818120600004, 0.0 ], [ -37.469584445899997, -4.679818120600004, 0.0 ], [ -37.469556152199999, -4.684541389800001, 0.0 ] ] ] ] } },
{ "type": "Feature", "properties": { "Name": null, "descriptio": "DGN_LEVEL_40", "timestamp": null, "begin": null, "end": null, "altitudeMo": null, "tessellate": -1, "extrude": 0, "visibility": -1, "drawOrder": null, "icon": null }, "geometry": { "type": "MultiPolygon", "coordinates": [ [ [ [ -37.468008821600002, -4.684039161300001, 0.0 ], [ -37.469556152199999, -4.684541389800001, 0.0 ], [ -37.469556152199999, -4.684541389800001, 0.0 ], [ -37.469584445899997, -4.679818120600004, 0.0 ], [ -37.469584445899997, -4.679818120600004, 0.0 ], [ -37.468031503399999, -4.6793309859, 0.0 ], [ -37.468031503399999, -4.6793309859, 0.0 ], [ -37.468008821600002, -4.684039161300001, 0.0 ] ] ] ] } },
{ "type": "Feature", "properties": { "Name": null, "descriptio": "DGN_LEVEL_40", "timestamp": null, "begin": null, "end": null, "altitudeMo": null, "tessellate": -1, "extrude": 0, "visibility": -1, "drawOrder": null, "icon": null }, "geometry": { "type": "MultiPolygon", "coordinates": [ [ [ [ -37.466463206199997, -4.6835372051, 0.0 ], [ -37.468008821600002, -4.684039161300001, 0.0 ], [ -37.468008821600002, -4.684039161300001, 0.0 ], [ -37.468031503399999, -4.6793309859, 0.0 ], [ -37.468031503399999, -4.6793309859, 0.0 ], [ -37.466480726299999, -4.678844305300005, 0.0 ], [ -37.466480726299999, -4.678844305300005, 0.0 ], [ -37.466463206199997, -4.6835372051, 0.0 ] ] ] ] } },
{ "type": "Feature", "properties": { "Name": null, "descriptio": "DGN_LEVEL_40", "timestamp": null, "begin": null, "end": null, "altitudeMo": null, "tessellate": -1, "extrude": 0, "visibility": -1, "drawOrder": null, "icon": null }, "geometry": { "type": "MultiPolygon", "coordinates": [ [ [ [ -37.464909037699996, -4.683032243199999, 0.0 ], [ -37.466463206199997, -4.6835372051, 0.0 ], [ -37.466463206199997, -4.6835372051, 0.0 ], [ -37.466480726299999, -4.678844305300005, 0.0 ], [ -37.466480726299999, -4.678844305300005, 0.0 ], [ -37.464928421899998, -4.678356804699999, 0.0 ], [ -37.464928421899998, -4.678356804699999, 0.0 ], [ -37.464909037699996, -4.683032243199999, 0.0 ] ] ] ] } },
{ "type": "Feature", "properties": { "Name": null, "descriptio": "DGN_LEVEL_40", "timestamp": null, "begin": null, "end": null, "altitudeMo": null, "tessellate": -1, "extrude": 0, "visibility": -1, "drawOrder": null, "icon": null }, "geometry": { "type": "MultiPolygon", "coordinates": [ [ [ [ -37.463372338, -4.677867936499991, 0.0 ], [ -37.4633704552, -4.682532105699998, 0.0 ], [ -37.4633704552, -4.682532105699998, 0.0 ], [ -37.464909037699996, -4.683032243199999, 0.0 ], [ -37.464909037699996, -4.683032243199999, 0.0 ], [ -37.464928421899998, -4.678356804699999, 0.0 ], [ -37.464928421899998, -4.678356804699999, 0.0 ], [ -37.463372338, -4.677867936499991, 0.0 ] ] ] ] } },
{ "type": "Feature", "properties": { "Name": null, "descriptio": "DGN_LEVEL_40", "timestamp": null, "begin": null, "end": null, "altitudeMo": null, "tessellate": -1, "extrude": 0, "visibility": -1, "drawOrder": null, "icon": null }, "geometry": { "type": "MultiPolygon", "coordinates": [ [ [ [ -37.461825931600004, -4.682029872499997, 0.0 ], [ -37.4633704552, -4.682532105699998, 0.0 ], [ -37.4633704552, -4.682532105699998, 0.0 ], [ -37.463372338, -4.677867936499991, 0.0 ], [ -37.463372338, -4.677867936499991, 0.0 ], [ -37.461820129400003, -4.677380701899993, 0.0 ], [ -37.461820129400003, -4.677380701899993, 0.0 ], [ -37.461825931600004, -4.682029872499997, 0.0 ] ] ] ] } },
{ "type": "Feature", "properties": { "Name": null, "descriptio": "DGN_LEVEL_40", "timestamp": null, "begin": null, "end": null, "altitudeMo": null, "tessellate": -1, "extrude": 0, "visibility": -1, "drawOrder": null, "icon": null }, "geometry": { "type": "MultiPolygon", "coordinates": [ [ [ [ -37.4605042727, -4.676967326699994, 0.0 ], [ -37.460320502, -4.681540112299995, 0.0 ], [ -37.460320502, -4.681540112299995, 0.0 ], [ -37.461825931600004, -4.682029872499997, 0.0 ], [ -37.461825931600004, -4.682029872499997, 0.0 ], [ -37.461820129400003, -4.677380701899993, 0.0 ], [ -37.461820129400003, -4.677380701899993, 0.0 ], [ -37.4605042727, -4.676967326699994, 0.0 ] ] ] ] } },
{ "type": "Feature", "properties": { "Name": null, "descriptio": "DGN_LEVEL_40", "timestamp": null, "begin": null, "end": null, "altitudeMo": null, "tessellate": -1, "extrude": 0, "visibility": -1, "drawOrder": null, "icon": null }, "geometry": { "type": "MultiPolygon", "coordinates": [ [ [ [ -37.458605213399998, -4.680981970700004, 0.0 ], [ -37.460320502, -4.681540112299995, 0.0 ], [ -37.460320502, -4.681540112299995, 0.0 ], [ -37.4605042727, -4.676967326699994, 0.0 ], [ -37.4605042727, -4.676967326699994, 0.0 ], [ -37.458632231800003, -4.676377192, 0.0 ], [ -37.458632231800003, -4.676377192, 0.0 ], [ -37.458605213399998, -4.680981970700004, 0.0 ] ] ] ] } },
{ "type": "Feature", "properties": { "Name": null, "descriptio": "DGN_LEVEL_40", "timestamp": null, "begin": null, "end": null, "altitudeMo": null, "tessellate": -1, "extrude": 0, "visibility": -1, "drawOrder": null, "icon": null }, "geometry": { "type": "MultiPolygon", "coordinates": [ [ [ [ -37.457081477, -4.675889047899995, 0.0 ], [ -37.457060070700003, -4.680478823500005, 0.0 ], [ -37.457060070700003, -4.680478823500005, 0.0 ], [ -37.458605213399998, -4.680981970700004, 0.0 ], [ -37.458605213399998, -4.680981970700004, 0.0 ], [ -37.458632231800003, -4.676377192, 0.0 ], [ -37.458632231800003, -4.676377192, 0.0 ], [ -37.457081477, -4.675889047899995, 0.0 ] ] ] ] } },
{ "type": "Feature", "properties": { "Name": null, "descriptio": "DGN_LEVEL_40", "timestamp": null, "begin": null, "end": null, "altitudeMo": null, "tessellate": -1, "extrude": 0, "visibility": -1, "drawOrder": null, "icon": null }, "geometry": { "type": "MultiPolygon", "coordinates": [ [ [ [ -37.455430446299999, -4.679948175899995, 0.0 ], [ -37.457060070700003, -4.680478823500005, 0.0 ], [ -37.457060070700003, -4.680478823500005, 0.0 ], [ -37.457081477, -4.675889047899995, 0.0 ], [ -37.457081477, -4.675889047899995, 0.0 ], [ -37.455444798400002, -4.675373581199991, 0.0 ], [ -37.455444798400002, -4.675373581199991, 0.0 ], [ -37.455430446299999, -4.679948175899995, 0.0 ] ] ] ] } },
{ "type": "Feature", "properties": { "Name": null, "descriptio": "DGN_LEVEL_40", "timestamp": null, "begin": null, "end": null, "altitudeMo": null, "tessellate": -1, "extrude": 0, "visibility": -1, "drawOrder": null, "icon": null }, "geometry": { "type": "MultiPolygon", "coordinates": [ [ [ [ -37.453894321699998, -4.674884889499997, 0.0 ], [ -37.453885401300006, -4.679444571199994, 0.0 ], [ -37.453885401300006, -4.679444571199994, 0.0 ], [ -37.455430446299999, -4.679948175899995, 0.0 ], [ -37.455430446299999, -4.679948175899995, 0.0 ], [ -37.455444798400002, -4.675373581199991, 0.0 ], [ -37.455444798400002, -4.675373581199991, 0.0 ], [ -37.453894321699998, -4.674884889499997, 0.0 ] ] ] ] } },
{ "type": "Feature", "properties": { "Name": null, "descriptio": "DGN_LEVEL_40", "timestamp": null, "begin": null, "end": null, "altitudeMo": null, "tessellate": -1, "extrude": 0, "visibility": -1, "drawOrder": null, "icon": null }, "geometry": { "type": "MultiPolygon", "coordinates": [ [ [ [ -37.452349006200002, -4.678943786399994, 0.0 ], [ -37.453885401300006, -4.679444571199994, 0.0 ], [ -37.453885401300006, -4.679444571199994, 0.0 ], [ -37.453894321699998, -4.674884889499997, 0.0 ], [ -37.453894321699998, -4.674884889499997, 0.0 ], [ -37.452342137300001, -4.674395467699997, 0.0 ], [ -37.452342137300001, -4.674395467699997, 0.0 ], [ -37.452349006200002, -4.678943786399994, 0.0 ] ] ] ] } },
{ "type": "Feature", "properties": { "Name": null, "descriptio": "DGN_LEVEL_40", "timestamp": null, "begin": null, "end": null, "altitudeMo": null, "tessellate": -1, "extrude": 0, "visibility": -1, "drawOrder": null, "icon": null }, "geometry": { "type": "MultiPolygon", "coordinates": [ [ [ [ -37.450804058199999, -4.678439995599997, 0.0 ], [ -37.452349006200002, -4.678943786399994, 0.0 ], [ -37.452349006200002, -4.678943786399994, 0.0 ], [ -37.452342137300001, -4.674395467699997, 0.0 ], [ -37.452342137300001, -4.674395467699997, 0.0 ], [ -37.450731591, -4.673887465600002, 0.0 ], [ -37.450731591, -4.673887465600002, 0.0 ], [ -37.450804058199999, -4.678439995599997, 0.0 ] ] ] ] } },
{ "type": "Feature", "properties": { "Name": null, "descriptio": "DGN_LEVEL_40", "timestamp": null, "begin": null, "end": null, "altitudeMo": null, "tessellate": -1, "extrude": 0, "visibility": -1, "drawOrder": null, "icon": null }, "geometry": { "type": "MultiPolygon", "coordinates": [ [ [ [ -37.449148747300001, -4.674104351899992, 0.0 ], [ -37.4487618454, -4.677774308500005, 0.0 ], [ -37.4487618454, -4.677774308500005, 0.0 ], [ -37.449087713700003, -4.677880115100005, 0.0 ], [ -37.449087713700003, -4.677880115100005, 0.0 ], [ -37.450804058199999, -4.678439995599997, 0.0 ], [ -37.450804058199999, -4.678439995599997, 0.0 ], [ -37.450731591, -4.673887465600002, 0.0 ], [ -37.450731591, -4.673887465600002, 0.0 ], [ -37.450185133399998, -4.673716059799992, 0.0 ], [ -37.450185133399998, -4.673716059799992, 0.0 ], [ -37.449148747300001, -4.674104351899992, 0.0 ] ] ] ] } },
{ "type": "Feature", "properties": { "Name": null, "descriptio": "DGN_LEVEL_40", "timestamp": null, "begin": null, "end": null, "altitudeMo": null, "tessellate": -1, "extrude": 0, "visibility": -1, "drawOrder": null, "icon": null }, "geometry": { "type": "MultiPolygon", "coordinates": [ [ [ [ -37.4814037063, -4.690119786699998, 0.0 ], [ -37.481045116, -4.687254643400001, 0.0 ], [ -37.481045116, -4.687254643400001, 0.0 ], [ -37.4789009984, -4.686742545500001, 0.0 ], [ -37.4789009984, -4.686742545500001, 0.0 ], [ -37.478852821499999, -4.687555002700001, 0.0 ], [ -37.478852821499999, -4.687555002700001, 0.0 ], [ -37.478714367, -4.689890828299997, 0.0 ], [ -37.478714367, -4.689890828299997, 0.0 ], [ -37.4814037063, -4.690119786699998, 0.0 ] ] ] ] } },
{ "type": "Feature", "properties": { "Name": null, "descriptio": "DGN_LEVEL_40", "timestamp": null, "begin": null, "end": null, "altitudeMo": null, "tessellate": -1, "extrude": 0, "visibility": -1, "drawOrder": null, "icon": null }, "geometry": { "type": "MultiPolygon", "coordinates": [ [ [ [ -37.4818060311, -4.693309689100002, 0.0 ], [ -37.4814037063, -4.690119786699998, 0.0 ], [ -37.4814037063, -4.690119786699998, 0.0 ], [ -37.478714367, -4.689890828299997, 0.0 ], [ -37.478714367, -4.689890828299997, 0.0 ], [ -37.478572632, -4.692283078, 0.0 ], [ -37.478572632, -4.692283078, 0.0 ], [ -37.4818060311, -4.693309689100002, 0.0 ] ] ] ] } },
{ "type": "Feature", "properties": { "Name": null, "descriptio": "DGN_LEVEL_40", "timestamp": null, "begin": null, "end": null, "altitudeMo": null, "tessellate": -1, "extrude": 0, "visibility": -1, "drawOrder": null, "icon": null }, "geometry": { "type": "MultiPolygon", "coordinates": [ [ [ [ -37.478852821499999, -4.687555002700001, 0.0 ], [ -37.477280969500001, -4.687046044900005, 0.0 ], [ -37.477280969500001, -4.687046044900005, 0.0 ], [ -37.477019124599998, -4.691789801600001, 0.0 ], [ -37.477019124599998, -4.691789801600001, 0.0 ], [ -37.478572632, -4.692283078, 0.0 ], [ -37.478572632, -4.692283078, 0.0 ], [ -37.478714367, -4.689890828299997, 0.0 ], [ -37.478714367, -4.689890828299997, 0.0 ], [ -37.478852821499999, -4.687555002700001, 0.0 ] ] ] ] } },
{ "type": "Feature", "properties": { "Name": null, "descriptio": "DGN_LEVEL_40", "timestamp": null, "begin": null, "end": null, "altitudeMo": null, "tessellate": -1, "extrude": 0, "visibility": -1, "drawOrder": null, "icon": null }, "geometry": { "type": "MultiPolygon", "coordinates": [ [ [ [ -37.477280969500001, -4.687046044900005, 0.0 ], [ -37.4757350621, -4.686545189599998, 0.0 ], [ -37.4757350621, -4.686545189599998, 0.0 ], [ -37.475465620400009, -4.691296522399999, 0.0 ], [ -37.475465620400009, -4.691296522399999, 0.0 ], [ -37.477019124599998, -4.691789801600001, 0.0 ], [ -37.477019124599998, -4.691789801600001, 0.0 ], [ -37.477280969500001, -4.687046044900005, 0.0 ] ] ] ] } },
{ "type": "Feature", "properties": { "Name": null, "descriptio": "DGN_LEVEL_40", "timestamp": null, "begin": null, "end": null, "altitudeMo": null, "tessellate": -1, "extrude": 0, "visibility": -1, "drawOrder": null, "icon": null }, "geometry": { "type": "MultiPolygon", "coordinates": [ [ [ [ -37.4741893383, -4.686044241499997, 0.0 ], [ -37.472646050400002, -4.685543748199996, 0.0 ], [ -37.472646050400002, -4.685543748199996, 0.0 ], [ -37.472366909100003, -4.690312234799995, 0.0 ], [ -37.472366909100003, -4.690312234799995, 0.0 ], [ -37.473917073899997, -4.6908046078, 0.0 ], [ -37.473917073899997, -4.6908046078, 0.0 ], [ -37.4741893383, -4.686044241499997, 0.0 ] ] ] ] } },
{ "type": "Feature", "properties": { "Name": null, "descriptio": "DGN_LEVEL_40", "timestamp": null, "begin": null, "end": null, "altitudeMo": null, "tessellate": -1, "extrude": 0, "visibility": -1, "drawOrder": null, "icon": null }, "geometry": { "type": "MultiPolygon", "coordinates": [ [ [ [ -37.471100153800002, -4.685042342200007, 0.0 ], [ -37.469556152199999, -4.684541389800001, 0.0 ], [ -37.469556152199999, -4.684541389800001, 0.0 ], [ -37.469266769500003, -4.689327390499995, 0.0 ], [ -37.469266769500003, -4.689327390499995, 0.0 ], [ -37.470818368899998, -4.689820314800003, 0.0 ], [ -37.470818368899998, -4.689820314800003, 0.0 ], [ -37.471100153800002, -4.685042342200007, 0.0 ] ] ] ] } },
{ "type": "Feature", "properties": { "Name": null, "descriptio": "DGN_LEVEL_40", "timestamp": null, "begin": null, "end": null, "altitudeMo": null, "tessellate": -1, "extrude": 0, "visibility": -1, "drawOrder": null, "icon": null }, "geometry": { "type": "MultiPolygon", "coordinates": [ [ [ [ -37.469556152199999, -4.684541389800001, 0.0 ], [ -37.468008821600002, -4.684039161300001, 0.0 ], [ -37.468008821600002, -4.684039161300001, 0.0 ], [ -37.4677170649, -4.688835010299994, 0.0 ], [ -37.4677170649, -4.688835010299994, 0.0 ], [ -37.469266769500003, -4.689327390499995, 0.0 ], [ -37.469266769500003, -4.689327390499995, 0.0 ], [ -37.469556152199999, -4.684541389800001, 0.0 ] ] ] ] } },
{ "type": "Feature", "properties": { "Name": null, "descriptio": "DGN_LEVEL_40", "timestamp": null, "begin": null, "end": null, "altitudeMo": null, "tessellate": -1, "extrude": 0, "visibility": -1, "drawOrder": null, "icon": null }, "geometry": { "type": "MultiPolygon", "coordinates": [ [ [ [ -37.468008821600002, -4.684039161300001, 0.0 ], [ -37.466463206199997, -4.6835372051, 0.0 ], [ -37.466463206199997, -4.6835372051, 0.0 ], [ -37.466169165, -4.688343173800006, 0.0 ], [ -37.466169165, -4.688343173800006, 0.0 ], [ -37.4677170649, -4.688835010299994, 0.0 ], [ -37.4677170649, -4.688835010299994, 0.0 ], [ -37.468008821600002, -4.684039161300001, 0.0 ] ] ] ] } },
{ "type": "Feature", "properties": { "Name": null, "descriptio": "DGN_LEVEL_40", "timestamp": null, "begin": null, "end": null, "altitudeMo": null, "tessellate": -1, "extrude": 0, "visibility": -1, "drawOrder": null, "icon": null }, "geometry": { "type": "MultiPolygon", "coordinates": [ [ [ [ -37.466463206199997, -4.6835372051, 0.0 ], [ -37.464909037699996, -4.683032243199999, 0.0 ], [ -37.464909037699996, -4.683032243199999, 0.0 ], [ -37.464619106800001, -4.687850516, 0.0 ], [ -37.464619106800001, -4.687850516, 0.0 ], [ -37.466169165, -4.688343173800006, 0.0 ], [ -37.466169165, -4.688343173800006, 0.0 ], [ -37.466463206199997, -4.6835372051, 0.0 ] ] ] ] } },
{ "type": "Feature", "properties": { "Name": null, "descriptio": "DGN_LEVEL_40", "timestamp": null, "begin": null, "end": null, "altitudeMo": null, "tessellate": -1, "extrude": 0, "visibility": -1, "drawOrder": null, "icon": null }, "geometry": { "type": "MultiPolygon", "coordinates": [ [ [ [ -37.464909037699996, -4.683032243199999, 0.0 ], [ -37.4633704552, -4.682532105699998, 0.0 ], [ -37.4633704552, -4.682532105699998, 0.0 ], [ -37.463065629100001, -4.687356762700002, 0.0 ], [ -37.463065629100001, -4.687356762700002, 0.0 ], [ -37.464619106800001, -4.687850516, 0.0 ], [ -37.464619106800001, -4.687850516, 0.0 ], [ -37.464909037699996, -4.683032243199999, 0.0 ] ] ] ] } },
{ "type": "Feature", "properties": { "Name": null, "descriptio": "DGN_LEVEL_40", "timestamp": null, "begin": null, "end": null, "altitudeMo": null, "tessellate": -1, "extrude": 0, "visibility": -1, "drawOrder": null, "icon": null }, "geometry": { "type": "MultiPolygon", "coordinates": [ [ [ [ -37.4633704552, -4.682532105699998, 0.0 ], [ -37.461825931600004, -4.682029872499997, 0.0 ], [ -37.461825931600004, -4.682029872499997, 0.0 ], [ -37.461518099199999, -4.686864918900008, 0.0 ], [ -37.461518099199999, -4.686864918900008, 0.0 ], [ -37.463065629100001, -4.687356762700002, 0.0 ], [ -37.463065629100001, -4.687356762700002, 0.0 ], [ -37.4633704552, -4.682532105699998, 0.0 ] ] ] ] } },
{ "type": "Feature", "properties": { "Name": null, "descriptio": "DGN_LEVEL_40", "timestamp": null, "begin": null, "end": null, "altitudeMo": null, "tessellate": -1, "extrude": 0, "visibility": -1, "drawOrder": null, "icon": null }, "geometry": { "type": "MultiPolygon", "coordinates": [ [ [ [ -37.461825931600004, -4.682029872499997, 0.0 ], [ -37.460320502, -4.681540112299995, 0.0 ], [ -37.460320502, -4.681540112299995, 0.0 ], [ -37.459968861599997, -4.686372345099997, 0.0 ], [ -37.459968861599997, -4.686372345099997, 0.0 ], [ -37.461518099199999, -4.686864918900008, 0.0 ], [ -37.461518099199999, -4.686864918900008, 0.0 ], [ -37.461825931600004, -4.682029872499997, 0.0 ] ] ] ] } },
{ "type": "Feature", "properties": { "Name": null, "descriptio": "DGN_LEVEL_40", "timestamp": null, "begin": null, "end": null, "altitudeMo": null, "tessellate": -1, "extrude": 0, "visibility": -1, "drawOrder": null, "icon": null }, "geometry": { "type": "MultiPolygon", "coordinates": [ [ [ [ -37.458605213399998, -4.680981970700004, 0.0 ], [ -37.457060070700003, -4.680478823500005, 0.0 ], [ -37.457060070700003, -4.680478823500005, 0.0 ], [ -37.457037568600001, -4.685440372200002, 0.0 ], [ -37.457037568600001, -4.685440372200002, 0.0 ], [ -37.458503213900002, -4.685906269500005, 0.0 ], [ -37.458503303800001, -4.685906360100006, 0.0 ], [ -37.458605303500001, -4.680981970900005, 0.0 ], [ -37.458605213399998, -4.680981970700004, 0.0 ] ] ] ] } },
{ "type": "Feature", "properties": { "Name": null, "descriptio": "DGN_LEVEL_40", "timestamp": null, "begin": null, "end": null, "altitudeMo": null, "tessellate": -1, "extrude": 0, "visibility": -1, "drawOrder": null, "icon": null }, "geometry": { "type": "MultiPolygon", "coordinates": [ [ [ [ -37.457060070700003, -4.680478823500005, 0.0 ], [ -37.455430446299999, -4.679948175899995, 0.0 ], [ -37.455430446299999, -4.679948175899995, 0.0 ], [ -37.455485728299998, -4.684946880400001, 0.0 ], [ -37.455485728299998, -4.684946880400001, 0.0 ], [ -37.457037568600001, -4.685440372200002, 0.0 ], [ -37.457037568600001, -4.685440372200002, 0.0 ], [ -37.457060070700003, -4.680478823500005, 0.0 ] ] ] ] } },
{ "type": "Feature", "properties": { "Name": null, "descriptio": "DGN_LEVEL_40", "timestamp": null, "begin": null, "end": null, "altitudeMo": null, "tessellate": -1, "extrude": 0, "visibility": -1, "drawOrder": null, "icon": null }, "geometry": { "type": "MultiPolygon", "coordinates": [ [ [ [ -37.455430446299999, -4.679948175899995, 0.0 ], [ -37.453885401300006, -4.679444571199994, 0.0 ], [ -37.453885401300006, -4.679444571199994, 0.0 ], [ -37.453851926799999, -4.684427159499994, 0.0 ], [ -37.453851926799999, -4.684427159499994, 0.0 ], [ -37.455485728299998, -4.684946880400001, 0.0 ], [ -37.455485728299998, -4.684946880400001, 0.0 ], [ -37.455430446299999, -4.679948175899995, 0.0 ] ] ] ] } },
{ "type": "Feature", "properties": { "Name": null, "descriptio": "DGN_LEVEL_40", "timestamp": null, "begin": null, "end": null, "altitudeMo": null, "tessellate": -1, "extrude": 0, "visibility": -1, "drawOrder": null, "icon": null }, "geometry": { "type": "MultiPolygon", "coordinates": [ [ [ [ -37.453885401300006, -4.679444571199994, 0.0 ], [ -37.452349006200002, -4.678943786399994, 0.0 ], [ -37.452349006200002, -4.678943786399994, 0.0 ], [ -37.452300362899997, -4.683933934, 0.0 ], [ -37.452300362899997, -4.683933934, 0.0 ], [ -37.453851926799999, -4.684427159499994, 0.0 ], [ -37.453851926799999, -4.684427159499994, 0.0 ], [ -37.453885311199997, -4.679444571, 0.0 ], [ -37.453885401300006, -4.679444571199994, 0.0 ] ] ] ] } },
{ "type": "Feature", "properties": { "Name": null, "descriptio": "DGN_LEVEL_40", "timestamp": null, "begin": null, "end": null, "altitudeMo": null, "tessellate": -1, "extrude": 0, "visibility": -1, "drawOrder": null, "icon": null }, "geometry": { "type": "MultiPolygon", "coordinates": [ [ [ [ -37.450804058199999, -4.678439995599997, 0.0 ], [ -37.450752045400002, -4.683441436500005, 0.0 ], [ -37.450752045400002, -4.683441436500005, 0.0 ], [ -37.452300362899997, -4.683933934, 0.0 ], [ -37.452300362899997, -4.683933934, 0.0 ], [ -37.452349006200002, -4.678943786399994, 0.0 ], [ -37.452349006200002, -4.678943786399994, 0.0 ], [ -37.450804058199999, -4.678439995599997, 0.0 ] ] ] ] } },
{ "type": "Feature", "properties": { "Name": null, "descriptio": "DGN_LEVEL_40", "timestamp": null, "begin": null, "end": null, "altitudeMo": null, "tessellate": -1, "extrude": 0, "visibility": -1, "drawOrder": null, "icon": null }, "geometry": { "type": "MultiPolygon", "coordinates": [ [ [ [ -37.449087713700003, -4.677880115100005, 0.0 ], [ -37.449202289500001, -4.682948661700002, 0.0 ], [ -37.449202289500001, -4.682948661700002, 0.0 ], [ -37.450752045400002, -4.683441436500005, 0.0 ], [ -37.450752045400002, -4.683441436500005, 0.0 ], [ -37.450804058199999, -4.678439995599997, 0.0 ], [ -37.450804058199999, -4.678439995599997, 0.0 ], [ -37.449087713700003, -4.677880115100005, 0.0 ] ] ] ] } },
{ "type": "Feature", "properties": { "Name": null, "descriptio": "DGN_LEVEL_40", "timestamp": null, "begin": null, "end": null, "altitudeMo": null, "tessellate": -1, "extrude": 0, "visibility": -1, "drawOrder": null, "icon": null }, "geometry": { "type": "MultiPolygon", "coordinates": [ [ [ [ -37.4487618454, -4.677774308500005, 0.0 ], [ -37.447036770899999, -4.677210696800007, 0.0 ], [ -37.447036770899999, -4.677210696800007, 0.0 ], [ -37.447144084, -4.682296767099992, 0.0 ], [ -37.447144084, -4.682296767099992, 0.0 ], [ -37.449202289500001, -4.682948661700002, 0.0 ], [ -37.449202289500001, -4.682948661700002, 0.0 ], [ -37.449087713700003, -4.677880115100005, 0.0 ], [ -37.449087713700003, -4.677880115100005, 0.0 ], [ -37.4487618454, -4.677774308500005, 0.0 ] ] ] ] } },
{ "type": "Feature", "properties": { "Name": null, "descriptio": "DGN_LEVEL_40", "timestamp": null, "begin": null, "end": null, "altitudeMo": null, "tessellate": -1, "extrude": 0, "visibility": -1, "drawOrder": null, "icon": null }, "geometry": { "type": "MultiPolygon", "coordinates": [ [ [ [ -37.444805519, -4.676482000899994, 0.0 ], [ -37.445171722700003, -4.681671374700003, 0.0 ], [ -37.445171722700003, -4.681671374700003, 0.0 ], [ -37.447144084, -4.682296767099992, 0.0 ], [ -37.447144084, -4.682296767099992, 0.0 ], [ -37.447036770899999, -4.677210696800007, 0.0 ], [ -37.447036770899999, -4.677210696800007, 0.0 ], [ -37.444805519, -4.676482000899994, 0.0 ] ] ] ] } },
{ "type": "Feature", "properties": { "Name": null, "descriptio": "DGN_LEVEL_40", "timestamp": null, "begin": null, "end": null, "altitudeMo": null, "tessellate": -1, "extrude": 0, "visibility": -1, "drawOrder": null, "icon": null }, "geometry": { "type": "MultiPolygon", "coordinates": [ [ [ [ -37.442614307900001, -4.676970357500004, 0.0 ], [ -37.443197206299999, -4.681044616700006, 0.0 ], [ -37.443197206299999, -4.681044616700006, 0.0 ], [ -37.445085796, -4.681643963099996, 0.0 ], [ -37.445085796, -4.681643963099996, 0.0 ], [ -37.444676811699999, -4.676440205899995, 0.0 ], [ -37.444676811699999, -4.676440205899995, 0.0 ], [ -37.442614307900001, -4.676970357500004, 0.0 ] ] ] ] } },
{ "type": "Feature", "properties": { "Name": null, "descriptio": "DGN_LEVEL_40", "timestamp": null, "begin": null, "end": null, "altitudeMo": null, "tessellate": -1, "extrude": 0, "visibility": -1, "drawOrder": null, "icon": null }, "geometry": { "type": "MultiPolygon", "coordinates": [ [ [ [ -37.4487618454, -4.677774308500005, 0.0 ], [ -37.449148747300001, -4.674104351899992, 0.0 ], [ -37.449148747300001, -4.674104351899992, 0.0 ], [ -37.448541206800002, -4.67433072, 0.0 ], [ -37.448541206800002, -4.67433072, 0.0 ], [ -37.446781337899999, -4.675859225900007, 0.0 ], [ -37.446781337899999, -4.675859225900007, 0.0 ], [ -37.444805519, -4.676482000899994, 0.0 ], [ -37.444805519, -4.676482000899994, 0.0 ], [ -37.447036770899999, -4.677210696800007, 0.0 ], [ -37.447036770899999, -4.677210696800007, 0.0 ], [ -37.4487618454, -4.677774308500005, 0.0 ] ] ] ] } },
{ "type": "Feature", "properties": { "Name": null, "descriptio": "DGN_LEVEL_40", "timestamp": null, "begin": null, "end": null, "altitudeMo": null, "tessellate": -1, "extrude": 0, "visibility": -1, "drawOrder": null, "icon": null }, "geometry": { "type": "MultiPolygon", "coordinates": [ [ [ [ -37.442614307900001, -4.676970357500004, 0.0 ], [ -37.439459017700003, -4.677793514, 0.0 ], [ -37.439459017700003, -4.677793514, 0.0 ], [ -37.438266005899997, -4.678085938800002, 0.0 ], [ -37.438266005899997, -4.678085938800002, 0.0 ], [ -37.437029255200002, -4.678389296399996, 0.0 ], [ -37.437029255200002, -4.678389296399996, 0.0 ], [ -37.435792774600003, -4.678692652100008, 0.0 ], [ -37.435792774600003, -4.678692652100008, 0.0 ], [ -37.443197206299999, -4.681044616700006, 0.0 ], [ -37.443197206299999, -4.681044616700006, 0.0 ], [ -37.442614307900001, -4.676970357500004, 0.0 ] ] ] ] } },
{ "type": "Feature", "properties": { "Name": null, "descriptio": "DGN_LEVEL_40", "timestamp": null, "begin": null, "end": null, "altitudeMo": null, "tessellate": -1, "extrude": 0, "visibility": -1, "drawOrder": null, "icon": null }, "geometry": { "type": "MultiPolygon", "coordinates": [ [ [ [ -37.481027337100002, -4.693062462100008, 0.0 ], [ -37.481018674300003, -4.697816364799995, 0.0 ], [ -37.481018674300003, -4.697816364799995, 0.0 ], [ -37.482531891900003, -4.698317146300006, 0.0 ], [ -37.482531891900003, -4.698317146300006, 0.0 ], [ -37.4818060311, -4.693309689100002, 0.0 ], [ -37.4818060311, -4.693309689100002, 0.0 ], [ -37.481027337100002, -4.693062462100008, 0.0 ] ] ] ] } },
{ "type": "Feature", "properties": { "Name": null, "descriptio": "DGN_LEVEL_40", "timestamp": null, "begin": null, "end": null, "altitudeMo": null, "tessellate": -1, "extrude": 0, "visibility": -1, "drawOrder": null, "icon": null }, "geometry": { "type": "MultiPolygon", "coordinates": [ [ [ [ -37.479475175499999, -4.692569735600005, 0.0 ], [ -37.479479967099998, -4.697308199800001, 0.0 ], [ -37.479479967099998, -4.697308199800001, 0.0 ], [ -37.481018674300003, -4.697816364799995, 0.0 ], [ -37.481018674300003, -4.697816364799995, 0.0 ], [ -37.481027337100002, -4.693062462100008, 0.0 ], [ -37.481027337100002, -4.693062462100008, 0.0 ], [ -37.479475175499999, -4.692569735600005, 0.0 ] ] ] ] } },
{ "type": "Feature", "properties": { "Name": null, "descriptio": "DGN_LEVEL_40", "timestamp": null, "begin": null, "end": null, "altitudeMo": null, "tessellate": -1, "extrude": 0, "visibility": -1, "drawOrder": null, "icon": null }, "geometry": { "type": "MultiPolygon", "coordinates": [ [ [ [ -37.477923197300001, -4.692077006699993, 0.0 ], [ -37.4779413535, -4.696799941900002, 0.0 ], [ -37.4779413535, -4.696799941900002, 0.0 ], [ -37.479479967099998, -4.697308199800001, 0.0 ], [ -37.479479967099998, -4.697308199800001, 0.0 ], [ -37.479475175499999, -4.692569735600005, 0.0 ], [ -37.479475175499999, -4.692569735600005, 0.0 ], [ -37.478572632, -4.692283078, 0.0 ], [ -37.478572632, -4.692283078, 0.0 ], [ -37.477923197300001, -4.692077006699993, 0.0 ] ] ] ] } },
{ "type": "Feature", "properties": { "Name": null, "descriptio": "DGN_LEVEL_40", "timestamp": null, "begin": null, "end": null, "altitudeMo": null, "tessellate": -1, "extrude": 0, "visibility": -1, "drawOrder": null, "icon": null }, "geometry": { "type": "MultiPolygon", "coordinates": [ [ [ [ -37.476373384699997, -4.691584732, 0.0 ], [ -37.476402833800002, -4.696291410299999, 0.0 ], [ -37.476402833800002, -4.696291410299999, 0.0 ], [ -37.4779413535, -4.696799941900002, 0.0 ], [ -37.4779413535, -4.696799941900002, 0.0 ], [ -37.477923197300001, -4.692077006699993, 0.0 ], [ -37.477923197300001, -4.692077006699993, 0.0 ], [ -37.477019124599998, -4.691789801600001, 0.0 ], [ -37.477019124599998, -4.691789801600001, 0.0 ], [ -37.476373384699997, -4.691584732, 0.0 ] ] ] ] } },
{ "type": "Feature", "properties": { "Name": null, "descriptio": "DGN_LEVEL_40", "timestamp": null, "begin": null, "end": null, "altitudeMo": null, "tessellate": -1, "extrude": 0, "visibility": -1, "drawOrder": null, "icon": null }, "geometry": { "type": "MultiPolygon", "coordinates": [ [ [ [ -37.474819791599998, -4.691091451500006, 0.0 ], [ -37.474864497900001, -4.695782695500005, 0.0 ], [ -37.474864497900001, -4.695782695500005, 0.0 ], [ -37.476402833800002, -4.696291410299999, 0.0 ], [ -37.476402833800002, -4.696291410299999, 0.0 ], [ -37.476373384699997, -4.691584732, 0.0 ], [ -37.476373384699997, -4.691584732, 0.0 ], [ -37.475465620400009, -4.691296522399999, 0.0 ], [ -37.475465620400009, -4.691296522399999, 0.0 ], [ -37.474819791599998, -4.691091451500006, 0.0 ] ] ] ] } },
{ "type": "Feature", "properties": { "Name": null, "descriptio": "DGN_LEVEL_40", "timestamp": null, "begin": null, "end": null, "altitudeMo": null, "tessellate": -1, "extrude": 0, "visibility": -1, "drawOrder": null, "icon": null }, "geometry": { "type": "MultiPolygon", "coordinates": [ [ [ [ -37.473271246400003, -4.690599535800004, 0.0 ], [ -37.473324634800001, -4.695273160700002, 0.0 ], [ -37.473324634800001, -4.695273160700002, 0.0 ], [ -37.474864497900001, -4.695782695500005, 0.0 ], [ -37.474864497900001, -4.695782695500005, 0.0 ], [ -37.474819791599998, -4.691091451500006, 0.0 ], [ -37.474819791599998, -4.691091451500006, 0.0 ], [ -37.473917073899997, -4.6908046078, 0.0 ], [ -37.473917073899997, -4.6908046078, 0.0 ], [ -37.473271246400003, -4.690599535800004, 0.0 ] ] ] ] } },
{ "type": "Feature", "properties": { "Name": null, "descriptio": "DGN_LEVEL_40", "timestamp": null, "begin": null, "end": null, "altitudeMo": null, "tessellate": -1, "extrude": 0, "visibility": -1, "drawOrder": null, "icon": null }, "geometry": { "type": "MultiPolygon", "coordinates": [ [ [ [ -37.471721083, -4.690107161600002, 0.0 ], [ -37.471788107899997, -4.694764534899997, 0.0 ], [ -37.471788107899997, -4.694764534899997, 0.0 ], [ -37.473324634800001, -4.695273160700002, 0.0 ], [ -37.473324634800001, -4.695273160700002, 0.0 ], [ -37.473271246400003, -4.690599535800004, 0.0 ], [ -37.473271246400003, -4.690599535800004, 0.0 ], [ -37.472366909100003, -4.690312234799995, 0.0 ], [ -37.472366909100003, -4.690312234799995, 0.0 ], [ -37.471721083, -4.690107161600002, 0.0 ] ] ] ] } },
{ "type": "Feature", "properties": { "Name": null, "descriptio": "DGN_LEVEL_40", "timestamp": null, "begin": null, "end": null, "altitudeMo": null, "tessellate": -1, "extrude": 0, "visibility": -1, "drawOrder": null, "icon": null }, "geometry": { "type": "MultiPolygon", "coordinates": [ [ [ [ -37.467073404799997, -4.688630481, 0.0 ], [ -37.4671726953, -4.693235101700004, 0.0 ], [ -37.4671726953, -4.693235101700004, 0.0 ], [ -37.468710652, -4.693745004800007, 0.0 ], [ -37.468710652, -4.693745004800007, 0.0 ], [ -37.468623017699997, -4.6891229526, 0.0 ], [ -37.468623017699997, -4.6891229526, 0.0 ], [ -37.4677170649, -4.688835010299994, 0.0 ], [ -37.4677170649, -4.688835010299994, 0.0 ], [ -37.467073404799997, -4.688630481, 0.0 ] ] ] ] } },
{ "type": "Feature", "properties": { "Name": null, "descriptio": "DGN_LEVEL_40", "timestamp": null, "begin": null, "end": null, "altitudeMo": null, "tessellate": -1, "extrude": 0, "visibility": -1, "drawOrder": null, "icon": null }, "geometry": { "type": "MultiPolygon", "coordinates": [ [ [ [ -37.4655234345, -4.688138005899997, 0.0 ], [ -37.465634652200009, -4.692725015, 0.0 ], [ -37.465634652200009, -4.692725015, 0.0 ], [ -37.4671726953, -4.693235101700004, 0.0 ], [ -37.4671726953, -4.693235101700004, 0.0 ], [ -37.467073404799997, -4.688630481, 0.0 ], [ -37.467073404799997, -4.688630481, 0.0 ], [ -37.466169165, -4.688343173800006, 0.0 ], [ -37.466169165, -4.688343173800006, 0.0 ], [ -37.4655234345, -4.688138005899997, 0.0 ] ] ] ] } },
{ "type": "Feature", "properties": { "Name": null, "descriptio": "DGN_LEVEL_40", "timestamp": null, "begin": null, "end": null, "altitudeMo": null, "tessellate": -1, "extrude": 0, "visibility": -1, "drawOrder": null, "icon": null }, "geometry": { "type": "MultiPolygon", "coordinates": [ [ [ [ -37.463971666500001, -4.687644710099998, 0.0 ], [ -37.463710662400004, -4.692086563099997, 0.0 ], [ -37.463710662400004, -4.692086563099997, 0.0 ], [ -37.465634652200009, -4.692725015, 0.0 ], [ -37.465634652200009, -4.692725015, 0.0 ], [ -37.4655234345, -4.688138005899997, 0.0 ], [ -37.4655234345, -4.688138005899997, 0.0 ], [ -37.464619106800001, -4.687850516, 0.0 ], [ -37.464619106800001, -4.687850516, 0.0 ], [ -37.463971666500001, -4.687644710099998, 0.0 ] ] ] ] } },
{ "type": "Feature", "properties": { "Name": null, "descriptio": "DGN_LEVEL_40", "timestamp": null, "begin": null, "end": null, "altitudeMo": null, "tessellate": -1, "extrude": 0, "visibility": -1, "drawOrder": null, "icon": null }, "geometry": { "type": "MultiPolygon", "coordinates": [ [ [ [ -37.454195728099997, -4.684536621900004, 0.0 ], [ -37.453473941399999, -4.688837981799991, 0.0 ], [ -37.453473941399999, -4.688837981799991, 0.0 ], [ -37.455026974, -4.689365305499997, 0.0 ], [ -37.455026974, -4.689365305499997, 0.0 ], [ -37.455485728299998, -4.684946880400001, 0.0 ], [ -37.455485728299998, -4.684946880400001, 0.0 ], [ -37.454195728099997, -4.684536621900004, 0.0 ] ] ] ] } },
{ "type": "Feature", "properties": { "Name": null, "descriptio": "DGN_LEVEL_40", "timestamp": null, "begin": null, "end": null, "altitudeMo": null, "tessellate": -1, "extrude": 0, "visibility": -1, "drawOrder": null, "icon": null }, "geometry": { "type": "MultiPolygon", "coordinates": [ [ [ [ -37.452647496600001, -4.684044218300006, 0.0 ], [ -37.451954505800003, -4.688322667200002, 0.0 ], [ -37.451954505800003, -4.688322667200002, 0.0 ], [ -37.453473941399999, -4.688837981799991, 0.0 ], [ -37.453473941399999, -4.688837981799991, 0.0 ], [ -37.454195728099997, -4.684536621900004, 0.0 ], [ -37.454195728099997, -4.684536621900004, 0.0 ], [ -37.453851926799999, -4.684427159499994, 0.0 ], [ -37.453851926799999, -4.684427159499994, 0.0 ], [ -37.452647496600001, -4.684044218300006, 0.0 ] ] ] ] } },
{ "type": "Feature", "properties": { "Name": null, "descriptio": "DGN_LEVEL_40", "timestamp": null, "begin": null, "end": null, "altitudeMo": null, "tessellate": -1, "extrude": 0, "visibility": -1, "drawOrder": null, "icon": null }, "geometry": { "type": "MultiPolygon", "coordinates": [ [ [ [ -37.463971666500001, -4.687644710099998, 0.0 ], [ -37.463710662400004, -4.692086563099997, 0.0 ], [ -37.463710662400004, -4.692086563099997, 0.0 ], [ -37.463971666500001, -4.687644710099998, 0.0 ] ] ] ] } },
{ "type": "Feature", "properties": { "Name": null, "descriptio": "DGN_LEVEL_40", "timestamp": null, "begin": null, "end": null, "altitudeMo": null, "tessellate": -1, "extrude": 0, "visibility": -1, "drawOrder": null, "icon": null }, "geometry": { "type": "MultiPolygon", "coordinates": [ [ [ [ -37.4504347118, -4.687807801400004, 0.0 ], [ -37.451954505800003, -4.688322667200002, 0.0 ], [ -37.451954505800003, -4.688322667200002, 0.0 ], [ -37.452647496600001, -4.684044218300006, 0.0 ], [ -37.452647496600001, -4.684044218300006, 0.0 ], [ -37.452300362899997, -4.683933934, 0.0 ], [ -37.452300362899997, -4.683933934, 0.0 ], [ -37.451095755700003, -4.683550628599992, 0.0 ], [ -37.451095755700003, -4.683550628599992, 0.0 ], [ -37.4504347118, -4.687807801400004, 0.0 ] ] ] ] } },
{ "type": "Feature", "properties": { "Name": null, "descriptio": "DGN_LEVEL_40", "timestamp": null, "begin": null, "end": null, "altitudeMo": null, "tessellate": -1, "extrude": 0, "visibility": -1, "drawOrder": null, "icon": null }, "geometry": { "type": "MultiPolygon", "coordinates": [ [ [ [ -37.44891663140001, -4.687293931599996, 0.0 ], [ -37.4504347118, -4.687807801400004, 0.0 ], [ -37.4504347118, -4.687807801400004, 0.0 ], [ -37.451095755700003, -4.683550628599992, 0.0 ], [ -37.451095755700003, -4.683550628599992, 0.0 ], [ -37.450752045400002, -4.683441436500005, 0.0 ], [ -37.450752045400002, -4.683441436500005, 0.0 ], [ -37.449202289500001, -4.682948661700002, 0.0 ], [ -37.449202289500001, -4.682948661700002, 0.0 ], [ -37.44891663140001, -4.687293931599996, 0.0 ] ] ] ] } },
{ "type": "Feature", "properties": { "Name": null, "descriptio": "DGN_LEVEL_40", "timestamp": null, "begin": null, "end": null, "altitudeMo": null, "tessellate": -1, "extrude": 0, "visibility": -1, "drawOrder": null, "icon": null }, "geometry": { "type": "MultiPolygon", "coordinates": [ [ [ [ -37.4474011645, -4.686781692900001, 0.0 ], [ -37.44891663140001, -4.687293931599996, 0.0 ], [ -37.44891663140001, -4.687293931599996, 0.0 ], [ -37.449202289500001, -4.682948661700002, 0.0 ], [ -37.449202289500001, -4.682948661700002, 0.0 ], [ -37.448002276399997, -4.682568798700006, 0.0 ], [ -37.448002276399997, -4.682568798700006, 0.0 ], [ -37.4474011645, -4.686781692900001, 0.0 ] ] ] ] } },
{ "type": "Feature", "properties": { "Name": null, "descriptio": "DGN_LEVEL_40", "timestamp": null, "begin": null, "end": null, "altitudeMo": null, "tessellate": -1, "extrude": 0, "visibility": -1, "drawOrder": null, "icon": null }, "geometry": { "type": "MultiPolygon", "coordinates": [ [ [ [ -37.445885789200005, -4.686270175200004, 0.0 ], [ -37.4474011645, -4.686781692900001, 0.0 ], [ -37.4474011645, -4.686781692900001, 0.0 ], [ -37.448002276399997, -4.682568798700006, 0.0 ], [ -37.448002276399997, -4.682568798700006, 0.0 ], [ -37.446457477, -4.682079014399995, 0.0 ], [ -37.446457477, -4.682079014399995, 0.0 ], [ -37.445885789200005, -4.686270175200004, 0.0 ] ] ] ] } },
{ "type": "Feature", "properties": { "Name": null, "descriptio": "DGN_LEVEL_40", "timestamp": null, "begin": null, "end": null, "altitudeMo": null, "tessellate": -1, "extrude": 0, "visibility": -1, "drawOrder": null, "icon": null }, "geometry": { "type": "MultiPolygon", "coordinates": [ [ [ [ -37.444367806300001, -4.685757292699996, 0.0 ], [ -37.445885789200005, -4.686270175200004, 0.0 ], [ -37.445885789200005, -4.686270175200004, 0.0 ], [ -37.446457477, -4.682079014399995, 0.0 ], [ -37.446457477, -4.682079014399995, 0.0 ], [ -37.445171722700003, -4.681671374700003, 0.0 ], [ -37.445171722700003, -4.681671374700003, 0.0 ], [ -37.444367806300001, -4.685757292699996, 0.0 ] ] ] ] } },
{ "type": "Feature", "properties": { "Name": null, "descriptio": "DGN_LEVEL_40", "timestamp": null, "begin": null, "end": null, "altitudeMo": null, "tessellate": -1, "extrude": 0, "visibility": -1, "drawOrder": null, "icon": null }, "geometry": { "type": "MultiPolygon", "coordinates": [ [ [ [ -37.4427623662, -4.685217534800003, 0.0 ], [ -37.444282151800003, -4.685728886700002, 0.0 ], [ -37.444282151800003, -4.685728886700002, 0.0 ], [ -37.445085796, -4.681643963099996, 0.0 ], [ -37.445085796, -4.681643963099996, 0.0 ], [ -37.443540912800003, -4.681153992600009, 0.0 ], [ -37.443540912800003, -4.681153992600009, 0.0 ], [ -37.4427623662, -4.685217534800003, 0.0 ] ] ] ] } },
{ "type": "Feature", "properties": { "Name": null, "descriptio": "DGN_LEVEL_40", "timestamp": null, "begin": null, "end": null, "altitudeMo": null, "tessellate": -1, "extrude": 0, "visibility": -1, "drawOrder": null, "icon": null }, "geometry": { "type": "MultiPolygon", "coordinates": [ [ [ [ -37.441233216700006, -4.684703084699992, 0.0 ], [ -37.4427623662, -4.685217534800003, 0.0 ], [ -37.4427623662, -4.685217534800003, 0.0 ], [ -37.443540912800003, -4.681153992600009, 0.0 ], [ -37.443540912800003, -4.681153992600009, 0.0 ], [ -37.441995943400002, -4.680663657499992, 0.0 ], [ -37.441995943400002, -4.680663657499992, 0.0 ], [ -37.441233216700006, -4.684703084699992, 0.0 ] ] ] ] } },
{ "type": "Feature", "properties": { "Name": null, "descriptio": "DGN_LEVEL_40", "timestamp": null, "begin": null, "end": null, "altitudeMo": null, "tessellate": -1, "extrude": 0, "visibility": -1, "drawOrder": null, "icon": null }, "geometry": { "type": "MultiPolygon", "coordinates": [ [ [ [ -37.439795576599998, -4.684219945400002, 0.0 ], [ -37.441233216700006, -4.684703084699992, 0.0 ], [ -37.441233216700006, -4.684703084699992, 0.0 ], [ -37.441995943400002, -4.680663657499992, 0.0 ], [ -37.441995943400002, -4.680663657499992, 0.0 ], [ -37.440449806799997, -4.680172684099995, 0.0 ], [ -37.440449806799997, -4.680172684099995, 0.0 ], [ -37.439795576599998, -4.684219945400002, 0.0 ] ] ] ] } },
{ "type": "Feature", "properties": { "Name": null, "descriptio": "DGN_LEVEL_40", "timestamp": null, "begin": null, "end": null, "altitudeMo": null, "tessellate": -1, "extrude": 0, "visibility": -1, "drawOrder": null, "icon": null }, "geometry": { "type": "MultiPolygon", "coordinates": [ [ [ [ -37.438147861099999, -4.684051586400003, 0.0 ], [ -37.4392104155, -4.684023483199994, 0.0 ], [ -37.4392104155, -4.684023483199994, 0.0 ], [ -37.439795576599998, -4.684219945400002, 0.0 ], [ -37.439795576599998, -4.684219945400002, 0.0 ], [ -37.440449806799997, -4.680172684099995, 0.0 ], [ -37.440449806799997, -4.680172684099995, 0.0 ], [ -37.438082692, -4.679420602500006, 0.0 ], [ -37.438082692, -4.679420602500006, 0.0 ], [ -37.438147861099999, -4.684051586400003, 0.0 ] ] ] ] } },
{ "type": "Feature", "properties": { "Name": null, "descriptio": "DGN_LEVEL_40", "timestamp": null, "begin": null, "end": null, "altitudeMo": null, "tessellate": -1, "extrude": 0, "visibility": -1, "drawOrder": null, "icon": null }, "geometry": { "type": "MultiPolygon", "coordinates": [ [ [ [ -37.436720877799999, -4.684088911299995, 0.0 ], [ -37.438147861099999, -4.684051586400003, 0.0 ], [ -37.438147861099999, -4.684051586400003, 0.0 ], [ -37.438082692, -4.679420602500006, 0.0 ], [ -37.438082692, -4.679420602500006, 0.0 ], [ -37.436300673700003, -4.678854125800004, 0.0 ], [ -37.436300673700003, -4.678854125800004, 0.0 ], [ -37.436720877799999, -4.684088911299995, 0.0 ] ] ] ] } },
{ "type": "Feature", "properties": { "Name": null, "descriptio": "DGN_LEVEL_40", "timestamp": null, "begin": null, "end": null, "altitudeMo": null, "tessellate": -1, "extrude": 0, "visibility": -1, "drawOrder": null, "icon": null }, "geometry": { "type": "MultiPolygon", "coordinates": [ [ [ [ -37.433337444300001, -4.684175750099993, 0.0 ], [ -37.434906211, -4.684135855799995, 0.0 ], [ -37.434906211, -4.684135855799995, 0.0 ], [ -37.434814921600001, -4.678776106599994, 0.0 ], [ -37.434814921600001, -4.678776106599994, 0.0 ], [ -37.4327661791, -4.679316926300001, 0.0 ], [ -37.4327661791, -4.679316926300001, 0.0 ], [ -37.43307870280001, -4.681975375800006, 0.0 ], [ -37.43307870280001, -4.681975375800006, 0.0 ], [ -37.433337444300001, -4.684175750099993, 0.0 ] ] ] ] } },
{ "type": "Feature", "properties": { "Name": null, "descriptio": "DGN_LEVEL_40", "timestamp": null, "begin": null, "end": null, "altitudeMo": null, "tessellate": -1, "extrude": 0, "visibility": -1, "drawOrder": null, "icon": null }, "geometry": { "type": "MultiPolygon", "coordinates": [ [ [ [ -37.430290238200001, -4.682391447099998, 0.0 ], [ -37.43307870280001, -4.681975375800006, 0.0 ], [ -37.43307870280001, -4.681975375800006, 0.0 ], [ -37.4327661791, -4.679316926300001, 0.0 ], [ -37.4327661791, -4.679316926300001, 0.0 ], [ -37.429195699600001, -4.680234777500002, 0.0 ], [ -37.429195699600001, -4.680234777500002, 0.0 ], [ -37.430290238200001, -4.682391447099998, 0.0 ], [ -37.430290238200001, -4.682391447099998, 0.0 ], [ -37.430290238200001, -4.682391447099998, 0.0 ] ] ] ] } },
{ "type": "Feature", "properties": { "Name": null, "descriptio": "DGN_LEVEL_40", "timestamp": null, "begin": null, "end": null, "altitudeMo": null, "tessellate": -1, "extrude": 0, "visibility": -1, "drawOrder": null, "icon": null }, "geometry": { "type": "MultiPolygon", "coordinates": [ [ [ [ -37.480872875300001, -4.702624138500005, 0.0 ], [ -37.483180301200001, -4.7033765275, 0.0 ], [ -37.483180301200001, -4.7033765275, 0.0 ], [ -37.482531891900003, -4.698317146300006, 0.0 ], [ -37.482531891900003, -4.698317146300006, 0.0 ], [ -37.481018674300003, -4.697816364799995, 0.0 ], [ -37.481018674300003, -4.697816364799995, 0.0 ], [ -37.480872875300001, -4.702624138500005, 0.0 ] ] ] ] } },
{ "type": "Feature", "properties": { "Name": null, "descriptio": "DGN_LEVEL_40", "timestamp": null, "begin": null, "end": null, "altitudeMo": null, "tessellate": -1, "extrude": 0, "visibility": -1, "drawOrder": null, "icon": null }, "geometry": { "type": "MultiPolygon", "coordinates": [ [ [ [ -37.479322392100002, -4.702138553099994, 0.0 ], [ -37.480872875300001, -4.702624138500005, 0.0 ], [ -37.480872875300001, -4.702624138500005, 0.0 ], [ -37.481018674300003, -4.697816364799995, 0.0 ], [ -37.481018674300003, -4.697816364799995, 0.0 ], [ -37.479479967099998, -4.697308199800001, 0.0 ], [ -37.479479967099998, -4.697308199800001, 0.0 ], [ -37.479322392100002, -4.702138553099994, 0.0 ] ] ] ] } },
{ "type": "Feature", "properties": { "Name": null, "descriptio": "DGN_LEVEL_40", "timestamp": null, "begin": null, "end": null, "altitudeMo": null, "tessellate": -1, "extrude": 0, "visibility": -1, "drawOrder": null, "icon": null }, "geometry": { "type": "MultiPolygon", "coordinates": [ [ [ [ -37.477771029300001, -4.701644371599993, 0.0 ], [ -37.479322392100002, -4.702138553099994, 0.0 ], [ -37.479322392100002, -4.702138553099994, 0.0 ], [ -37.479479967099998, -4.697308199800001, 0.0 ], [ -37.479479967099998, -4.697308199800001, 0.0 ], [ -37.4779413535, -4.696799941900002, 0.0 ], [ -37.4779413535, -4.696799941900002, 0.0 ], [ -37.477771029300001, -4.701644371599993, 0.0 ] ] ] ] } },
{ "type": "Feature", "properties": { "Name": null, "descriptio": "DGN_LEVEL_40", "timestamp": null, "begin": null, "end": null, "altitudeMo": null, "tessellate": -1, "extrude": 0, "visibility": -1, "drawOrder": null, "icon": null }, "geometry": { "type": "MultiPolygon", "coordinates": [ [ [ [ -37.476226515500002, -4.701152282299995, 0.0 ], [ -37.477771029300001, -4.701644371599993, 0.0 ], [ -37.477771029300001, -4.701644371599993, 0.0 ], [ -37.4779413535, -4.696799941900002, 0.0 ], [ -37.4779413535, -4.696799941900002, 0.0 ], [ -37.476402833800002, -4.696291410299999, 0.0 ], [ -37.476402833800002, -4.696291410299999, 0.0 ], [ -37.476226515500002, -4.701152282299995, 0.0 ] ] ] ] } },
{ "type": "Feature", "properties": { "Name": null, "descriptio": "DGN_LEVEL_40", "timestamp": null, "begin": null, "end": null, "altitudeMo": null, "tessellate": -1, "extrude": 0, "visibility": -1, "drawOrder": null, "icon": null }, "geometry": { "type": "MultiPolygon", "coordinates": [ [ [ [ -37.474639310299999, -4.700646260300008, 0.0 ], [ -37.476226515500002, -4.701152282299995, 0.0 ], [ -37.476226515500002, -4.701152282299995, 0.0 ], [ -37.476402833800002, -4.696291410299999, 0.0 ], [ -37.476402833800002, -4.696291410299999, 0.0 ], [ -37.474864497900001, -4.695782695500005, 0.0 ], [ -37.474864497900001, -4.695782695500005, 0.0 ], [ -37.474639310299999, -4.700646260300008, 0.0 ] ] ] ] } },
{ "type": "Feature", "properties": { "Name": null, "descriptio": "DGN_LEVEL_40", "timestamp": null, "begin": null, "end": null, "altitudeMo": null, "tessellate": -1, "extrude": 0, "visibility": -1, "drawOrder": null, "icon": null }, "geometry": { "type": "MultiPolygon", "coordinates": [ [ [ [ -37.473051928300002, -4.700140144499992, 0.0 ], [ -37.474639310299999, -4.700646260300008, 0.0 ], [ -37.474639310299999, -4.700646260300008, 0.0 ], [ -37.474864497900001, -4.695782695500005, 0.0 ], [ -37.474864497900001, -4.695782695500005, 0.0 ], [ -37.473324634800001, -4.695273160700002, 0.0 ], [ -37.473324634800001, -4.695273160700002, 0.0 ], [ -37.473051928300002, -4.700140144499992, 0.0 ] ] ] ] } },
{ "type": "Feature", "properties": { "Name": null, "descriptio": "DGN_LEVEL_40", "timestamp": null, "begin": null, "end": null, "altitudeMo": null, "tessellate": -1, "extrude": 0, "visibility": -1, "drawOrder": null, "icon": null }, "geometry": { "type": "MultiPolygon", "coordinates": [ [ [ [ -37.471466441399997, -4.699634572600007, 0.0 ], [ -37.473051928300002, -4.700140144499992, 0.0 ], [ -37.473051928300002, -4.700140144499992, 0.0 ], [ -37.473324634800001, -4.695273160700002, 0.0 ], [ -37.473324634800001, -4.695273160700002, 0.0 ], [ -37.471788107899997, -4.694764534899997, 0.0 ], [ -37.471788107899997, -4.694764534899997, 0.0 ], [ -37.471466441399997, -4.699634572600007, 0.0 ] ] ] ] } },
{ "type": "Feature", "properties": { "Name": null, "descriptio": "DGN_LEVEL_40", "timestamp": null, "begin": null, "end": null, "altitudeMo": null, "tessellate": -1, "extrude": 0, "visibility": -1, "drawOrder": null, "icon": null }, "geometry": { "type": "MultiPolygon", "coordinates": [ [ [ [ -37.468377985899998, -4.698649375499992, 0.0 ], [ -37.469917692700001, -4.699147708100003, 0.0 ], [ -37.469917692700001, -4.699147708100003, 0.0 ], [ -37.470250143599998, -4.6942551798, 0.0 ], [ -37.470250143599998, -4.6942551798, 0.0 ], [ -37.468710652, -4.693745004800007, 0.0 ], [ -37.468710652, -4.693745004800007, 0.0 ], [ -37.468377985899998, -4.698649375499992, 0.0 ] ] ] ] } },
{ "type": "Feature", "properties": { "Name": null, "descriptio": "DGN_LEVEL_40", "timestamp": null, "begin": null, "end": null, "altitudeMo": null, "tessellate": -1, "extrude": 0, "visibility": -1, "drawOrder": null, "icon": null }, "geometry": { "type": "MultiPolygon", "coordinates": [ [ [ [ -37.482557295399999, -4.698324165100007, 0.0 ], [ -37.483205793300002, -4.703384360499998, 0.0 ], [ -37.483205793300002, -4.703384360499998, 0.0 ], [ -37.484478499, -4.703777632700006, 0.0 ], [ -37.484478499, -4.703777632700006, 0.0 ], [ -37.483695638, -4.698573622, 0.0 ], [ -37.483695638, -4.698573622, 0.0 ], [ -37.482557295399999, -4.698324165100007, 0.0 ] ] ] ] } },
{ "type": "Feature", "properties": { "Name": null, "descriptio": "DGN_LEVEL_40", "timestamp": null, "begin": null, "end": null, "altitudeMo": null, "tessellate": -1, "extrude": 0, "visibility": -1, "drawOrder": null, "icon": null }, "geometry": { "type": "MultiPolygon", "coordinates": [ [ [ [ -37.471788107899997, -4.694764534899997, 0.0 ], [ -37.471721083, -4.690107161600002, 0.0 ], [ -37.471721083, -4.690107161600002, 0.0 ], [ -37.470818368899998, -4.689820314800003, 0.0 ], [ -37.470818368899998, -4.689820314800003, 0.0 ], [ -37.470171102899997, -4.689614785099995, 0.0 ], [ -37.470171102899997, -4.689614785099995, 0.0 ], [ -37.470250143599998, -4.6942551798, 0.0 ], [ -37.470250143599998, -4.6942551798, 0.0 ], [ -37.471788107899997, -4.694764534899997, 0.0 ] ] ] ] } },
{ "type": "Feature", "properties": { "Name": null, "descriptio": "DGN_LEVEL_40", "timestamp": null, "begin": null, "end": null, "altitudeMo": null, "tessellate": -1, "extrude": 0, "visibility": -1, "drawOrder": null, "icon": null }, "geometry": { "type": "MultiPolygon", "coordinates": [ [ [ [ -37.462528630900003, -4.672933591900003, 0.0 ], [ -37.462403162, -4.669998256800007, 0.0 ], [ -37.462403162, -4.669998256800007, 0.0 ], [ -37.457120423699998, -4.671269647700004, 0.0 ], [ -37.457120423699998, -4.671269647700004, 0.0 ], [ -37.458546263199999, -4.671708498300004, 0.0 ], [ -37.458546263199999, -4.671708498300004, 0.0 ], [ -37.460430393400003, -4.6722881653, 0.0 ], [ -37.460430393400003, -4.6722881653, 0.0 ], [ -37.462528630900003, -4.672933591900003, 0.0 ] ] ] ] } },
{ "type": "Feature", "properties": { "Name": null, "descriptio": "DGN_LEVEL_40", "timestamp": null, "begin": null, "end": null, "altitudeMo": null, "tessellate": -1, "extrude": 0, "visibility": -1, "drawOrder": null, "icon": null }, "geometry": { "type": "MultiPolygon", "coordinates": [ [ [ [ -37.487146838199997, -4.694378663800008, 0.0 ], [ -37.487046095899998, -4.689006201, 0.0 ], [ -37.487046095899998, -4.689006201, 0.0 ], [ -37.485615004300001, -4.6888399534, 0.0 ], [ -37.485615004300001, -4.6888399534, 0.0 ], [ -37.485822215200002, -4.694115877800009, 0.0 ], [ -37.485822215200002, -4.694115877800009, 0.0 ], [ -37.487146838199997, -4.694378663800008, 0.0 ] ] ] ] } },
{ "type": "Feature", "properties": { "Name": null, "descriptio": "DGN_LEVEL_40", "timestamp": null, "begin": null, "end": null, "altitudeMo": null, "tessellate": -1, "extrude": 0, "visibility": -1, "drawOrder": null, "icon": null }, "geometry": { "type": "MultiPolygon", "coordinates": [ [ [ [ -37.4912943199, -4.689501393700001, 0.0 ], [ -37.489863405599998, -4.689334340599993, 0.0 ], [ -37.489863495900003, -4.689334250400004, 0.0 ], [ -37.489884387099998, -4.694921241399994, 0.0 ], [ -37.489884387099998, -4.694921241399994, 0.0 ], [ -37.491253612800001, -4.695193612899996, 0.0 ], [ -37.491253612800001, -4.695193612899996, 0.0 ], [ -37.4912943199, -4.689501393700001, 0.0 ] ] ] ] } },
{ "type": "Feature", "properties": { "Name": null, "descriptio": "DGN_LEVEL_40", "timestamp": null, "begin": null, "end": null, "altitudeMo": null, "tessellate": -1, "extrude": 0, "visibility": -1, "drawOrder": null, "icon": null }, "geometry": { "type": "MultiPolygon", "coordinates": [ [ [ [ -37.4671726953, -4.693235101700004, 0.0 ], [ -37.466835654900002, -4.698157184, 0.0 ], [ -37.466835654900002, -4.698157184, 0.0 ], [ -37.468377985899998, -4.698649375499992, 0.0 ], [ -37.468377985899998, -4.698649375499992, 0.0 ], [ -37.468710652, -4.693745004800007, 0.0 ], [ -37.468710652, -4.693745004800007, 0.0 ], [ -37.4671726953, -4.693235101700004, 0.0 ] ] ] ] } },
{ "type": "Feature", "properties": { "Name": null, "descriptio": "DGN_LEVEL_40", "timestamp": null, "begin": null, "end": null, "altitudeMo": null, "tessellate": -1, "extrude": 0, "visibility": -1, "drawOrder": null, "icon": null }, "geometry": { "type": "MultiPolygon", "coordinates": [ [ [ [ -37.463710662400004, -4.692086563099997, 0.0 ], [ -37.4636925748, -4.697058083299995, 0.0 ], [ -37.4636925748, -4.697058083299995, 0.0 ], [ -37.465223004, -4.697590226199993, 0.0 ], [ -37.465223004, -4.697590226199993, 0.0 ], [ -37.465634652200009, -4.692725015, 0.0 ], [ -37.465634652200009, -4.692725015, 0.0 ], [ -37.463710662400004, -4.692086563099997, 0.0 ] ] ] ] } },
{ "type": "Feature", "properties": { "Name": null, "descriptio": "DGN_LEVEL_40", "timestamp": null, "begin": null, "end": null, "altitudeMo": null, "tessellate": -1, "extrude": 0, "visibility": -1, "drawOrder": null, "icon": null }, "geometry": { "type": "MultiPolygon", "coordinates": [ [ [ [ -37.453473941399999, -4.688837981799991, 0.0 ], [ -37.453226261200001, -4.693460887800002, 0.0 ], [ -37.453226261200001, -4.693460887800002, 0.0 ], [ -37.454671023899998, -4.6939591269, 0.0 ], [ -37.454671023899998, -4.6939591269, 0.0 ], [ -37.455026974, -4.689365305499997, 0.0 ], [ -37.455026974, -4.689365305499997, 0.0 ], [ -37.453473941399999, -4.688837981799991, 0.0 ] ] ] ] } },
{ "type": "Feature", "properties": { "Name": null, "descriptio": "DGN_LEVEL_40", "timestamp": null, "begin": null, "end": null, "altitudeMo": null, "tessellate": -1, "extrude": 0, "visibility": -1, "drawOrder": null, "icon": null }, "geometry": { "type": "MultiPolygon", "coordinates": [ [ [ [ -37.451954505800003, -4.688322667200002, 0.0 ], [ -37.451693681099997, -4.692934778700004, 0.0 ], [ -37.451693681099997, -4.692934778700004, 0.0 ], [ -37.453226261200001, -4.693460887800002, 0.0 ], [ -37.453226261200001, -4.693460887800002, 0.0 ], [ -37.453473941399999, -4.688837981799991, 0.0 ], [ -37.453473941399999, -4.688837981799991, 0.0 ], [ -37.451954505800003, -4.688322667200002, 0.0 ] ] ] ] } },
{ "type": "Feature", "properties": { "Name": null, "descriptio": "DGN_LEVEL_40", "timestamp": null, "begin": null, "end": null, "altitudeMo": null, "tessellate": -1, "extrude": 0, "visibility": -1, "drawOrder": null, "icon": null }, "geometry": { "type": "MultiPolygon", "coordinates": [ [ [ [ -37.4504347118, -4.687807801400004, 0.0 ], [ -37.450162718, -4.692412649600005, 0.0 ], [ -37.450162718, -4.692412649600005, 0.0 ], [ -37.451693681099997, -4.692934778700004, 0.0 ], [ -37.451693681099997, -4.692934778700004, 0.0 ], [ -37.451954505800003, -4.688322667200002, 0.0 ], [ -37.451954505800003, -4.688322667200002, 0.0 ], [ -37.4504347118, -4.687807801400004, 0.0 ] ] ] ] } },
{ "type": "Feature", "properties": { "Name": null, "descriptio": "DGN_LEVEL_40", "timestamp": null, "begin": null, "end": null, "altitudeMo": null, "tessellate": -1, "extrude": 0, "visibility": -1, "drawOrder": null, "icon": null }, "geometry": { "type": "MultiPolygon", "coordinates": [ [ [ [ -37.44891663140001, -4.687293931599996, 0.0 ], [ -37.448630137099997, -4.691889881299995, 0.0 ], [ -37.448630137099997, -4.691889881299995, 0.0 ], [ -37.450162718, -4.692412649600005, 0.0 ], [ -37.450162718, -4.692412649600005, 0.0 ], [ -37.4504347118, -4.687807801400004, 0.0 ], [ -37.4504347118, -4.687807801400004, 0.0 ], [ -37.44891663140001, -4.687293931599996, 0.0 ] ] ] ] } },
{ "type": "Feature", "properties": { "Name": null, "descriptio": "DGN_LEVEL_40", "timestamp": null, "begin": null, "end": null, "altitudeMo": null, "tessellate": -1, "extrude": 0, "visibility": -1, "drawOrder": null, "icon": null }, "geometry": { "type": "MultiPolygon", "coordinates": [ [ [ [ -37.445885789200005, -4.686270175200004, 0.0 ], [ -37.445565075899999, -4.690843975300002, 0.0 ], [ -37.445565075899999, -4.690843975300002, 0.0 ], [ -37.447097469699997, -4.691366929299992, 0.0 ], [ -37.447097469699997, -4.691366929299992, 0.0 ], [ -37.4474011645, -4.686781692900001, 0.0 ], [ -37.4474011645, -4.686781692900001, 0.0 ], [ -37.445885789200005, -4.686270175200004, 0.0 ] ] ] ] } },
{ "type": "Feature", "properties": { "Name": null, "descriptio": "DGN_LEVEL_40", "timestamp": null, "begin": null, "end": null, "altitudeMo": null, "tessellate": -1, "extrude": 0, "visibility": -1, "drawOrder": null, "icon": null }, "geometry": { "type": "MultiPolygon", "coordinates": [ [ [ [ -37.4474011645, -4.686781692900001, 0.0 ], [ -37.447097469699997, -4.691366929299992, 0.0 ], [ -37.447097469699997, -4.691366929299992, 0.0 ], [ -37.448630137099997, -4.691889881299995, 0.0 ], [ -37.448630137099997, -4.691889881299995, 0.0 ], [ -37.44891663140001, -4.687293931599996, 0.0 ], [ -37.44891663140001, -4.687293931599996, 0.0 ], [ -37.4474011645, -4.686781692900001, 0.0 ] ] ] ] } },
{ "type": "Feature", "properties": { "Name": null, "descriptio": "DGN_LEVEL_40", "timestamp": null, "begin": null, "end": null, "altitudeMo": null, "tessellate": -1, "extrude": 0, "visibility": -1, "drawOrder": null, "icon": null }, "geometry": { "type": "MultiPolygon", "coordinates": [ [ [ [ -37.444367806300001, -4.685757292699996, 0.0 ], [ -37.4440327756, -4.690321018899993, 0.0 ], [ -37.4440327756, -4.690321018899993, 0.0 ], [ -37.445565075899999, -4.690843975300002, 0.0 ], [ -37.445565075899999, -4.690843975300002, 0.0 ], [ -37.445885789200005, -4.686270175200004, 0.0 ], [ -37.445885789200005, -4.686270175200004, 0.0 ], [ -37.444367806300001, -4.685757292699996, 0.0 ] ] ] ] } },
{ "type": "Feature", "properties": { "Name": null, "descriptio": "DGN_LEVEL_40", "timestamp": null, "begin": null, "end": null, "altitudeMo": null, "tessellate": -1, "extrude": 0, "visibility": -1, "drawOrder": null, "icon": null }, "geometry": { "type": "MultiPolygon", "coordinates": [ [ [ [ -37.441233216700006, -4.684703084699992, 0.0 ], [ -37.440885415300002, -4.689246336299991, 0.0 ], [ -37.440885415300002, -4.689246336299991, 0.0 ], [ -37.442416177299997, -4.689769023399997, 0.0 ], [ -37.442416177299997, -4.689769023399997, 0.0 ], [ -37.4427623662, -4.685217534800003, 0.0 ], [ -37.4427623662, -4.685217534800003, 0.0 ], [ -37.441233216700006, -4.684703084699992, 0.0 ] ] ] ] } },
{ "type": "Feature", "properties": { "Name": null, "descriptio": "DGN_LEVEL_40", "timestamp": null, "begin": null, "end": null, "altitudeMo": null, "tessellate": -1, "extrude": 0, "visibility": -1, "drawOrder": null, "icon": null }, "geometry": { "type": "MultiPolygon", "coordinates": [ [ [ [ -37.439795576599998, -4.684219945400002, 0.0 ], [ -37.439355557799999, -4.688723739099993, 0.0 ], [ -37.439355557799999, -4.688723739099993, 0.0 ], [ -37.440885415300002, -4.689246336299991, 0.0 ], [ -37.440885415300002, -4.689246336299991, 0.0 ], [ -37.441233216700006, -4.684703084699992, 0.0 ], [ -37.441233216700006, -4.684703084699992, 0.0 ], [ -37.439795576599998, -4.684219945400002, 0.0 ] ] ] ] } },
{ "type": "Feature", "properties": { "Name": null, "descriptio": "DGN_LEVEL_40", "timestamp": null, "begin": null, "end": null, "altitudeMo": null, "tessellate": -1, "extrude": 0, "visibility": -1, "drawOrder": null, "icon": null }, "geometry": { "type": "MultiPolygon", "coordinates": [ [ [ [ -37.438147861099999, -4.684051586400003, 0.0 ], [ -37.437825073200003, -4.688200866599998, 0.0 ], [ -37.437825073200003, -4.688200866599998, 0.0 ], [ -37.439355557799999, -4.688723739099993, 0.0 ], [ -37.439355557799999, -4.688723739099993, 0.0 ], [ -37.439795576599998, -4.684219945400002, 0.0 ], [ -37.439795576599998, -4.684219945400002, 0.0 ], [ -37.4392104155, -4.684023483199994, 0.0 ], [ -37.4392104155, -4.684023483199994, 0.0 ], [ -37.438147861099999, -4.684051586400003, 0.0 ] ] ] ] } },
{ "type": "Feature", "properties": { "Name": null, "descriptio": "DGN_LEVEL_40", "timestamp": null, "begin": null, "end": null, "altitudeMo": null, "tessellate": -1, "extrude": 0, "visibility": -1, "drawOrder": null, "icon": null }, "geometry": { "type": "MultiPolygon", "coordinates": [ [ [ [ -37.436720877799999, -4.684088911299995, 0.0 ], [ -37.436213270499998, -4.688173656799994, 0.0 ], [ -37.436213270499998, -4.688173656799994, 0.0 ], [ -37.437825073200003, -4.688200866599998, 0.0 ], [ -37.437825073200003, -4.688200866599998, 0.0 ], [ -37.438147861099999, -4.684051586400003, 0.0 ], [ -37.438147861099999, -4.684051586400003, 0.0 ], [ -37.436720877799999, -4.684088911299995, 0.0 ] ] ] ] } },
{ "type": "Feature", "properties": { "Name": null, "descriptio": "DGN_LEVEL_40", "timestamp": null, "begin": null, "end": null, "altitudeMo": null, "tessellate": -1, "extrude": 0, "visibility": -1, "drawOrder": null, "icon": null }, "geometry": { "type": "MultiPolygon", "coordinates": [ [ [ [ -37.434906211, -4.684135855799995, 0.0 ], [ -37.43458765510001, -4.688197597799993, 0.0 ], [ -37.43458765510001, -4.688197597799993, 0.0 ], [ -37.436213270499998, -4.688173656799994, 0.0 ], [ -37.436213270499998, -4.688173656799994, 0.0 ], [ -37.436720877799999, -4.684088911299995, 0.0 ], [ -37.436720877799999, -4.684088911299995, 0.0 ], [ -37.434906211, -4.684135855799995, 0.0 ] ] ] ] } },
{ "type": "Feature", "properties": { "Name": null, "descriptio": "DGN_LEVEL_40", "timestamp": null, "begin": null, "end": null, "altitudeMo": null, "tessellate": -1, "extrude": 0, "visibility": -1, "drawOrder": null, "icon": null }, "geometry": { "type": "MultiPolygon", "coordinates": [ [ [ [ -37.433337444300001, -4.684175750099993, 0.0 ], [ -37.432599775200003, -4.687016600900007, 0.0 ], [ -37.432599775200003, -4.687016600900007, 0.0 ], [ -37.433195849900002, -4.6882204317, 0.0 ], [ -37.433195849900002, -4.6882204317, 0.0 ], [ -37.434587564899999, -4.688197597600004, 0.0 ], [ -37.434587564899999, -4.688197597600004, 0.0 ], [ -37.434906211, -4.684135855799995, 0.0 ], [ -37.434906211, -4.684135855799995, 0.0 ], [ -37.433337444300001, -4.684175750099993, 0.0 ] ] ] ] } },
{ "type": "Feature", "properties": { "Name": null, "descriptio": "DGN_LEVEL_40", "timestamp": null, "begin": null, "end": null, "altitudeMo": null, "tessellate": -1, "extrude": 0, "visibility": -1, "drawOrder": null, "icon": null }, "geometry": { "type": "MultiPolygon", "coordinates": [ [ [ [ -37.433337444300001, -4.684175750099993, 0.0 ], [ -37.43307870280001, -4.681975375800006, 0.0 ], [ -37.43307870280001, -4.681975375800006, 0.0 ], [ -37.430290238200001, -4.682391447099998, 0.0 ], [ -37.430290238200001, -4.682391447099998, 0.0 ], [ -37.430661685099999, -4.683114933799998, 0.0 ], [ -37.430661685099999, -4.683114933799998, 0.0 ], [ -37.432115975099997, -4.686070214700001, 0.0 ], [ -37.432115975099997, -4.686070214700001, 0.0 ], [ -37.432599775200003, -4.687016600900007, 0.0 ], [ -37.432599775200003, -4.687016600900007, 0.0 ], [ -37.433337444300001, -4.684175750099993, 0.0 ] ] ] ] } },
{ "type": "Feature", "properties": { "Name": null, "descriptio": "DGN_LEVEL_40", "timestamp": null, "begin": null, "end": null, "altitudeMo": null, "tessellate": -1, "extrude": 0, "visibility": -1, "drawOrder": null, "icon": null }, "geometry": { "type": "MultiPolygon", "coordinates": [ [ [ [ -37.468262835099999, -4.698959676, 0.0 ], [ -37.466628637200003, -4.703504503599996, 0.0 ], [ -37.466628637200003, -4.703504503599996, 0.0 ], [ -37.466868361499998, -4.703234450399996, 0.0 ], [ -37.466868361499998, -4.703234450399996, 0.0 ], [ -37.4675254661, -4.702489718600007, 0.0 ], [ -37.4675254661, -4.702489718600007, 0.0 ], [ -37.470113352, -4.699573544, 0.0 ], [ -37.470113352, -4.699573544, 0.0 ], [ -37.468262835099999, -4.698959676, 0.0 ] ] ] ] } },
{ "type": "Feature", "properties": { "Name": null, "descriptio": "DGN_LEVEL_40", "timestamp": null, "begin": null, "end": null, "altitudeMo": null, "tessellate": -1, "extrude": 0, "visibility": -1, "drawOrder": null, "icon": null }, "geometry": { "type": "MultiPolygon", "coordinates": [ [ [ [ -37.466896995399999, -4.698506578399995, 0.0 ], [ -37.465187250100001, -4.703630830399995, 0.0 ], [ -37.465187250100001, -4.703630830399995, 0.0 ], [ -37.466209186199997, -4.703977367800005, 0.0 ], [ -37.466209186199997, -4.703977367800005, 0.0 ], [ -37.466628637200003, -4.703504503599996, 0.0 ], [ -37.466628637200003, -4.703504503599996, 0.0 ], [ -37.468262835099999, -4.698959676, 0.0 ], [ -37.468262835099999, -4.698959676, 0.0 ], [ -37.466896995399999, -4.698506578399995, 0.0 ] ] ] ] } },
{ "type": "Feature", "properties": { "Name": null, "descriptio": "DGN_LEVEL_40", "timestamp": null, "begin": null, "end": null, "altitudeMo": null, "tessellate": -1, "extrude": 0, "visibility": -1, "drawOrder": null, "icon": null }, "geometry": { "type": "MultiPolygon", "coordinates": [ [ [ [ -37.463866823899998, -4.703182889, 0.0 ], [ -37.465187250100001, -4.703630830399995, 0.0 ], [ -37.465187250100001, -4.703630830399995, 0.0 ], [ -37.466896995399999, -4.698506578399995, 0.0 ], [ -37.466896995399999, -4.698506578399995, 0.0 ], [ -37.465616275100004, -4.698081791300003, 0.0 ], [ -37.465616275100004, -4.698081791300003, 0.0 ], [ -37.463866823899998, -4.703182889, 0.0 ], [ -37.463866823899998, -4.703182889, 0.0 ], [ -37.463866823899998, -4.703182889, 0.0 ] ] ] ] } },
{ "type": "Feature", "properties": { "Name": null, "descriptio": "DGN_LEVEL_40", "timestamp": null, "begin": null, "end": null, "altitudeMo": null, "tessellate": -1, "extrude": 0, "visibility": -1, "drawOrder": null, "icon": null }, "geometry": { "type": "MultiPolygon", "coordinates": [ [ [ [ -37.464291152199998, -4.697642254099993, 0.0 ], [ -37.462967923199997, -4.697203352100004, 0.0 ], [ -37.462967923199997, -4.697203352100004, 0.0 ], [ -37.461355768700002, -4.702331148, 0.0 ], [ -37.461355768700002, -4.702331148, 0.0 ], [ -37.462078398, -4.702576103800005, 0.0 ], [ -37.462078398, -4.702576103800005, 0.0 ], [ -37.462590533799997, -4.702750145699994, 0.0 ], [ -37.462590533799997, -4.702750145699994, 0.0 ], [ -37.464291152199998, -4.697642254099993, 0.0 ] ] ] ] } },
{ "type": "Feature", "properties": { "Name": null, "descriptio": "DGN_LEVEL_40", "timestamp": null, "begin": null, "end": null, "altitudeMo": null, "tessellate": -1, "extrude": 0, "visibility": -1, "drawOrder": null, "icon": null }, "geometry": { "type": "MultiPolygon", "coordinates": [ [ [ [ -37.462967923199997, -4.697203352100004, 0.0 ], [ -37.461687209600001, -4.696778649699997, 0.0 ], [ -37.461687209600001, -4.696778649699997, 0.0 ], [ -37.460052823200002, -4.701889027399999, 0.0 ], [ -37.460052823200002, -4.701889027399999, 0.0 ], [ -37.460691505600003, -4.702105854499996, 0.0 ], [ -37.460691505600003, -4.702105854499996, 0.0 ], [ -37.461355768700002, -4.702331148, 0.0 ], [ -37.461355768700002, -4.702331148, 0.0 ], [ -37.462967923199997, -4.697203352100004, 0.0 ] ] ] ] } },
{ "type": "Feature", "properties": { "Name": null, "descriptio": "DGN_LEVEL_40", "timestamp": null, "begin": null, "end": null, "altitudeMo": null, "tessellate": -1, "extrude": 0, "visibility": -1, "drawOrder": null, "icon": null }, "geometry": { "type": "MultiPolygon", "coordinates": [ [ [ [ -37.461687209600001, -4.696778649699997, 0.0 ], [ -37.4604066785, -4.696353945900004, 0.0 ], [ -37.4604066785, -4.696353945900004, 0.0 ], [ -37.458732677, -4.701440988599992, 0.0 ], [ -37.458732677, -4.701440988599992, 0.0 ], [ -37.459201127299998, -4.701600014099995, 0.0 ], [ -37.459201127299998, -4.701600014099995, 0.0 ], [ -37.460052823200002, -4.701889027399999, 0.0 ], [ -37.460052823200002, -4.701889027399999, 0.0 ], [ -37.461687209600001, -4.696778649699997, 0.0 ] ] ] ] } },
{ "type": "Feature", "properties": { "Name": null, "descriptio": "DGN_LEVEL_40", "timestamp": null, "begin": null, "end": null, "altitudeMo": null, "tessellate": -1, "extrude": 0, "visibility": -1, "drawOrder": null, "icon": null }, "geometry": { "type": "MultiPolygon", "coordinates": [ [ [ [ -37.4604066785, -4.696353945900004, 0.0 ], [ -37.4591304255, -4.695911253299999, 0.0 ], [ -37.4591304255, -4.695911253299999, 0.0 ], [ -37.457455316400001, -4.7010073312, 0.0 ], [ -37.457455316400001, -4.7010073312, 0.0 ], [ -37.457796768, -4.701123391199999, 0.0 ], [ -37.457796768, -4.701123391199999, 0.0 ], [ -37.458732677, -4.701440988599992, 0.0 ], [ -37.458732677, -4.701440988599992, 0.0 ], [ -37.4604066785, -4.696353945900004, 0.0 ] ] ] ] } },
{ "type": "Feature", "properties": { "Name": null, "descriptio": "DGN_LEVEL_40", "timestamp": null, "begin": null, "end": null, "altitudeMo": null, "tessellate": -1, "extrude": 0, "visibility": -1, "drawOrder": null, "icon": null }, "geometry": { "type": "MultiPolygon", "coordinates": [ [ [ [ -37.457455316400001, -4.7010073312, 0.0 ], [ -37.4591304255, -4.695911253299999, 0.0 ], [ -37.4591304255, -4.695911253299999, 0.0 ], [ -37.457818184, -4.695439630600005, 0.0 ], [ -37.457818184, -4.695439630600005, 0.0 ], [ -37.456177687900009, -4.700573490500008, 0.0 ], [ -37.456177687900009, -4.700573490500008, 0.0 ], [ -37.45638791, -4.700644314299999, 0.0 ], [ -37.45638791, -4.700644314299999, 0.0 ], [ -37.457455316400001, -4.7010073312, 0.0 ] ] ] ] } },
{ "type": "Feature", "properties": { "Name": null, "descriptio": "DGN_LEVEL_40", "timestamp": null, "begin": null, "end": null, "altitudeMo": null, "tessellate": -1, "extrude": 0, "visibility": -1, "drawOrder": null, "icon": null }, "geometry": { "type": "MultiPolygon", "coordinates": [ [ [ [ -37.456552446, -4.694972088, 0.0 ], [ -37.454900692300001, -4.700139830300001, 0.0 ], [ -37.454900692300001, -4.700139830300001, 0.0 ], [ -37.456177687900009, -4.700573490500008, 0.0 ], [ -37.456177687900009, -4.700573490500008, 0.0 ], [ -37.457818184, -4.695439630600005, 0.0 ], [ -37.457818184, -4.695439630600005, 0.0 ], [ -37.456552446, -4.694972088, 0.0 ] ] ] ] } },
{ "type": "Feature", "properties": { "Name": null, "descriptio": "DGN_LEVEL_40", "timestamp": null, "begin": null, "end": null, "altitudeMo": null, "tessellate": -1, "extrude": 0, "visibility": -1, "drawOrder": null, "icon": null }, "geometry": { "type": "MultiPolygon", "coordinates": [ [ [ [ -37.453581276800001, -4.699691695, 0.0 ], [ -37.454900692300001, -4.700139830300001, 0.0 ], [ -37.454900692300001, -4.700139830300001, 0.0 ], [ -37.456552446, -4.694972088, 0.0 ], [ -37.456552446, -4.694972088, 0.0 ], [ -37.454661138, -4.6943555693, 0.0 ], [ -37.454661138, -4.6943555693, 0.0 ], [ -37.453581276800001, -4.699691695, 0.0 ] ] ] ] } },
{ "type": "Feature", "properties": { "Name": null, "descriptio": "DGN_LEVEL_40", "timestamp": null, "begin": null, "end": null, "altitudeMo": null, "tessellate": -1, "extrude": 0, "visibility": -1, "drawOrder": null, "icon": null }, "geometry": { "type": "MultiPolygon", "coordinates": [ [ [ [ -37.452242679400001, -4.6992369135, 0.0 ], [ -37.453478869199998, -4.699656741, 0.0 ], [ -37.453478869199998, -4.699656741, 0.0 ], [ -37.4545752999, -4.694327887100001, 0.0 ], [ -37.4545752999, -4.694327887100001, 0.0 ], [ -37.453354789099997, -4.693913344300003, 0.0 ], [ -37.453354789099997, -4.693913344300003, 0.0 ], [ -37.452242679400001, -4.6992369135, 0.0 ] ] ] ] } },
{ "type": "Feature", "properties": { "Name": null, "descriptio": "DGN_LEVEL_40", "timestamp": null, "begin": null, "end": null, "altitudeMo": null, "tessellate": -1, "extrude": 0, "visibility": -1, "drawOrder": null, "icon": null }, "geometry": { "type": "MultiPolygon", "coordinates": [ [ [ [ -37.450965331200003, -4.698802794699992, 0.0 ], [ -37.452242679400001, -4.6992369135, 0.0 ], [ -37.452242679400001, -4.6992369135, 0.0 ], [ -37.453354789099997, -4.693913344300003, 0.0 ], [ -37.453354789099997, -4.693913344300003, 0.0 ], [ -37.452540783300002, -4.693624500899992, 0.0 ], [ -37.452540783300002, -4.693624500899992, 0.0 ], [ -37.450965331200003, -4.698802794699992, 0.0 ] ] ] ] } },
{ "type": "Feature", "properties": { "Name": null, "descriptio": "DGN_LEVEL_40", "timestamp": null, "begin": null, "end": null, "altitudeMo": null, "tessellate": -1, "extrude": 0, "visibility": -1, "drawOrder": null, "icon": null }, "geometry": { "type": "MultiPolygon", "coordinates": [ [ [ [ -37.449687985099999, -4.6983687645, 0.0 ], [ -37.450965331200003, -4.698802794699992, 0.0 ], [ -37.450965331200003, -4.698802794699992, 0.0 ], [ -37.452540783300002, -4.693624500899992, 0.0 ], [ -37.452540783300002, -4.693624500899992, 0.0 ], [ -37.451267538899998, -4.693172669800003, 0.0 ], [ -37.451267538899998, -4.693172669800003, 0.0 ], [ -37.449687985099999, -4.6983687645, 0.0 ] ] ] ] } },
{ "type": "Feature", "properties": { "Name": null, "descriptio": "DGN_LEVEL_40", "timestamp": null, "begin": null, "end": null, "altitudeMo": null, "tessellate": -1, "extrude": 0, "visibility": -1, "drawOrder": null, "icon": null }, "geometry": { "type": "MultiPolygon", "coordinates": [ [ [ [ -37.448410821499998, -4.697934732799999, 0.0 ], [ -37.449687985099999, -4.6983687645, 0.0 ], [ -37.449687985099999, -4.6983687645, 0.0 ], [ -37.451267538899998, -4.693172669800003, 0.0 ], [ -37.451267538899998, -4.693172669800003, 0.0 ], [ -37.449996187899998, -4.692721655099996, 0.0 ], [ -37.449996187899998, -4.692721655099996, 0.0 ], [ -37.448410821499998, -4.697934732799999, 0.0 ] ] ] ] } },
{ "type": "Feature", "properties": { "Name": null, "descriptio": "DGN_LEVEL_40", "timestamp": null, "begin": null, "end": null, "altitudeMo": null, "tessellate": -1, "extrude": 0, "visibility": -1, "drawOrder": null, "icon": null }, "geometry": { "type": "MultiPolygon", "coordinates": [ [ [ [ -37.4470910585, -4.697486044600003, 0.0 ], [ -37.448410821499998, -4.697934732799999, 0.0 ], [ -37.448410821499998, -4.697934732799999, 0.0 ], [ -37.449996187899998, -4.692721655099996, 0.0 ], [ -37.449996187899998, -4.692721655099996, 0.0 ], [ -37.448631950399999, -4.692252435700004, 0.0 ], [ -37.448631950399999, -4.692252435700004, 0.0 ], [ -37.4470910585, -4.697486044600003, 0.0 ] ] ] ] } },
{ "type": "Feature", "properties": { "Name": null, "descriptio": "DGN_LEVEL_40", "timestamp": null, "begin": null, "end": null, "altitudeMo": null, "tessellate": -1, "extrude": 0, "visibility": -1, "drawOrder": null, "icon": null }, "geometry": { "type": "MultiPolygon", "coordinates": [ [ [ [ -37.4457712982, -4.697037264, 0.0 ], [ -37.4470910585, -4.697486044600003, 0.0 ], [ -37.4470910585, -4.697486044600003, 0.0 ], [ -37.4457712982, -4.697037264, 0.0 ] ] ] ] } },
{ "type": "Feature", "properties": { "Name": null, "descriptio": "DGN_LEVEL_40", "timestamp": null, "begin": null, "end": null, "altitudeMo": null, "tessellate": -1, "extrude": 0, "visibility": -1, "drawOrder": null, "icon": null }, "geometry": { "type": "MultiPolygon", "coordinates": [ [ [ [ -37.4457712982, -4.697037264, 0.0 ], [ -37.4470910585, -4.697486044600003, 0.0 ], [ -37.4470910585, -4.697486044600003, 0.0 ], [ -37.448631950399999, -4.692252435700004, 0.0 ], [ -37.448631950399999, -4.692252435700004, 0.0 ], [ -37.447437555500002, -4.691852955, 0.0 ], [ -37.447437555500002, -4.691852955, 0.0 ], [ -37.4457712982, -4.697037264, 0.0 ] ] ] ] } },
{ "type": "Feature", "properties": { "Name": null, "descriptio": "DGN_LEVEL_40", "timestamp": null, "begin": null, "end": null, "altitudeMo": null, "tessellate": -1, "extrude": 0, "visibility": -1, "drawOrder": null, "icon": null }, "geometry": { "type": "MultiPolygon", "coordinates": [ [ [ [ -37.444279602100004, -4.696529858399993, 0.0 ], [ -37.4457712982, -4.697037264, 0.0 ], [ -37.4457712982, -4.697037264, 0.0 ], [ -37.447437555500002, -4.691852955, 0.0 ], [ -37.447437555500002, -4.691852955, 0.0 ], [ -37.445944587299998, -4.691353511500008, 0.0 ], [ -37.445944587299998, -4.691353511500008, 0.0 ], [ -37.444279602100004, -4.696529858399993, 0.0 ] ] ] ] } },
{ "type": "Feature", "properties": { "Name": null, "descriptio": "DGN_LEVEL_40", "timestamp": null, "begin": null, "end": null, "altitudeMo": null, "tessellate": -1, "extrude": 0, "visibility": -1, "drawOrder": null, "icon": null }, "geometry": { "type": "MultiPolygon", "coordinates": [ [ [ [ -37.443087562499997, -4.696124314899994, 0.0 ], [ -37.444279602100004, -4.696529858399993, 0.0 ], [ -37.444279602100004, -4.696529858399993, 0.0 ], [ -37.445944587299998, -4.691353511500008, 0.0 ], [ -37.445944587299998, -4.691353511500008, 0.0 ], [ -37.444665082500002, -4.690925622199997, 0.0 ], [ -37.444665082500002, -4.690925622199997, 0.0 ], [ -37.443087562499997, -4.696124314899994, 0.0 ] ] ] ] } },
{ "type": "Feature", "properties": { "Name": null, "descriptio": "DGN_LEVEL_40", "timestamp": null, "begin": null, "end": null, "altitudeMo": null, "tessellate": -1, "extrude": 0, "visibility": -1, "drawOrder": null, "icon": null }, "geometry": { "type": "MultiPolygon", "coordinates": [ [ [ [ -37.440363667900002, -4.695197341100004, 0.0 ], [ -37.441725838899998, -4.695660965200001, 0.0 ], [ -37.441725838899998, -4.695660965200001, 0.0 ], [ -37.443298484499998, -4.690468598, 0.0 ], [ -37.443298484499998, -4.690468598, 0.0 ], [ -37.4419871765, -4.689995778799992, 0.0 ], [ -37.4419871765, -4.689995778799992, 0.0 ], [ -37.440363667900002, -4.695197341100004, 0.0 ] ] ] ] } },
{ "type": "Feature", "properties": { "Name": null, "descriptio": "DGN_LEVEL_40", "timestamp": null, "begin": null, "end": null, "altitudeMo": null, "tessellate": -1, "extrude": 0, "visibility": -1, "drawOrder": null, "icon": null }, "geometry": { "type": "MultiPolygon", "coordinates": [ [ [ [ -37.437724356700002, -4.694298763800003, 0.0 ], [ -37.438958808099997, -4.694719059599993, 0.0 ], [ -37.438958808099997, -4.694719059599993, 0.0 ], [ -37.44057715000001, -4.689533770100001, 0.0 ], [ -37.44057715000001, -4.689533770100001, 0.0 ], [ -37.439302588499999, -4.689116464899997, 0.0 ], [ -37.439302588499999, -4.689116464899997, 0.0 ], [ -37.437724356700002, -4.694298763800003, 0.0 ] ] ] ] } },
{ "type": "Feature", "properties": { "Name": null, "descriptio": "DGN_LEVEL_40", "timestamp": null, "begin": null, "end": null, "altitudeMo": null, "tessellate": -1, "extrude": 0, "visibility": -1, "drawOrder": null, "icon": null }, "geometry": { "type": "MultiPolygon", "coordinates": [ [ [ [ -37.436396419200001, -4.693846424099998, 0.0 ], [ -37.437724356700002, -4.694298763800003, 0.0 ], [ -37.437724356700002, -4.694298763800003, 0.0 ], [ -37.439302588499999, -4.689116464899997, 0.0 ], [ -37.439302588499999, -4.689116464899997, 0.0 ], [ -37.438105849, -4.688724382, 0.0 ], [ -37.438105849, -4.688724382, 0.0 ], [ -37.436396419200001, -4.693846424099998, 0.0 ] ] ] ] } },
{ "type": "Feature", "properties": { "Name": null, "descriptio": "DGN_LEVEL_40", "timestamp": null, "begin": null, "end": null, "altitudeMo": null, "tessellate": -1, "extrude": 0, "visibility": -1, "drawOrder": null, "icon": null }, "geometry": { "type": "MultiPolygon", "coordinates": [ [ [ [ -37.434481749299998, -4.690625410199995, 0.0 ], [ -37.436197542499997, -4.693783398300006, 0.0 ], [ -37.436197542499997, -4.693783398300006, 0.0 ], [ -37.436396419200001, -4.693846424099998, 0.0 ], [ -37.436396419200001, -4.693846424099998, 0.0 ], [ -37.438105849, -4.688724382, 0.0 ], [ -37.438105849, -4.688724382, 0.0 ], [ -37.435817303199997, -4.688623672099992, 0.0 ], [ -37.435817303199997, -4.688623672099992, 0.0 ], [ -37.434481749299998, -4.690625410199995, 0.0 ] ] ] ] } },
{ "type": "Feature", "properties": { "Name": null, "descriptio": "DGN_LEVEL_40", "timestamp": null, "begin": null, "end": null, "altitudeMo": null, "tessellate": -1, "extrude": 0, "visibility": -1, "drawOrder": null, "icon": null }, "geometry": { "type": "MultiPolygon", "coordinates": [ [ [ [ -37.433479328099999, -4.688661930800004, 0.0 ], [ -37.434481749299998, -4.690625410199995, 0.0 ], [ -37.434481749299998, -4.690625410199995, 0.0 ], [ -37.435817303199997, -4.688623672099992, 0.0 ], [ -37.435817303199997, -4.688623672099992, 0.0 ], [ -37.433479328099999, -4.688661930800004, 0.0 ] ] ] ] } },
{ "type": "Feature", "properties": { "Name": null, "descriptio": "DGN_LEVEL_40", "timestamp": null, "begin": null, "end": null, "altitudeMo": null, "tessellate": -1, "extrude": 0, "visibility": -1, "drawOrder": null, "icon": null }, "geometry": { "type": "MultiPolygon", "coordinates": [ [ [ [ -37.462078398, -4.702576103800005, 0.0 ], [ -37.461107889700003, -4.707872705, 0.0 ], [ -37.461107889700003, -4.707872705, 0.0 ], [ -37.462480006500002, -4.708180503900007, 0.0 ], [ -37.462480006299998, -4.708180594300001, 0.0 ], [ -37.463612375899999, -4.703096776399997, 0.0 ], [ -37.463612286, -4.703096685799998, 0.0 ], [ -37.462590533799997, -4.702750145699994, 0.0 ], [ -37.462590533799997, -4.702750145699994, 0.0 ], [ -37.462078398, -4.702576103800005, 0.0 ] ] ] ] } },
{ "type": "Feature", "properties": { "Name": null, "descriptio": "DGN_LEVEL_40", "timestamp": null, "begin": null, "end": null, "altitudeMo": null, "tessellate": -1, "extrude": 0, "visibility": -1, "drawOrder": null, "icon": null }, "geometry": { "type": "MultiPolygon", "coordinates": [ [ [ [ -37.460691505600003, -4.702105854499996, 0.0 ], [ -37.459782539499997, -4.707449612700007, 0.0 ], [ -37.459782539499997, -4.707449612700007, 0.0 ], [ -37.461107889700003, -4.707872705, 0.0 ], [ -37.461107889700003, -4.707872705, 0.0 ], [ -37.462078398, -4.702576103800005, 0.0 ], [ -37.462078398, -4.702576103800005, 0.0 ], [ -37.461355768700002, -4.702331148, 0.0 ], [ -37.461355768700002, -4.702331148, 0.0 ], [ -37.460691505600003, -4.702105854499996, 0.0 ] ] ] ] } },
{ "type": "Feature", "properties": { "Name": null, "descriptio": "DGN_LEVEL_40", "timestamp": null, "begin": null, "end": null, "altitudeMo": null, "tessellate": -1, "extrude": 0, "visibility": -1, "drawOrder": null, "icon": null }, "geometry": { "type": "MultiPolygon", "coordinates": [ [ [ [ -37.459201127299998, -4.701600014099995, 0.0 ], [ -37.458327756899997, -4.706984541400002, 0.0 ], [ -37.458327756899997, -4.706984541400002, 0.0 ], [ -37.459782539499997, -4.707449612700007, 0.0 ], [ -37.459782539499997, -4.707449612700007, 0.0 ], [ -37.460691505600003, -4.702105854499996, 0.0 ], [ -37.460691505600003, -4.702105854499996, 0.0 ], [ -37.460052823200002, -4.701889027399999, 0.0 ], [ -37.460052823200002, -4.701889027399999, 0.0 ], [ -37.459201127299998, -4.701600014099995, 0.0 ] ] ] ] } },
{ "type": "Feature", "properties": { "Name": null, "descriptio": "DGN_LEVEL_40", "timestamp": null, "begin": null, "end": null, "altitudeMo": null, "tessellate": -1, "extrude": 0, "visibility": -1, "drawOrder": null, "icon": null }, "geometry": { "type": "MultiPolygon", "coordinates": [ [ [ [ -37.457795957499997, -4.701123027600001, 0.0 ], [ -37.458732677, -4.701440988599992, 0.0 ], [ -37.458732677, -4.701440988599992, 0.0 ], [ -37.457795957499997, -4.701123027600001, 0.0 ], [ -37.457795957499997, -4.701123027600001, 0.0 ], [ -37.456874777099998, -4.706520737799995, 0.0 ], [ -37.456874777099998, -4.706520737799995, 0.0 ], [ -37.458327756899997, -4.706984541400002, 0.0 ], [ -37.458327756899997, -4.706984541400002, 0.0 ], [ -37.459201127299998, -4.701600014099995, 0.0 ], [ -37.459201127299998, -4.701600014099995, 0.0 ], [ -37.458732677, -4.701440988599992, 0.0 ], [ -37.458732677, -4.701440988599992, 0.0 ], [ -37.457796768, -4.701123391199999, 0.0 ], [ -37.457795957499997, -4.701123027600001, 0.0 ] ] ] ] } },
{ "type": "Feature", "properties": { "Name": null, "descriptio": "DGN_LEVEL_40", "timestamp": null, "begin": null, "end": null, "altitudeMo": null, "tessellate": -1, "extrude": 0, "visibility": -1, "drawOrder": null, "icon": null }, "geometry": { "type": "MultiPolygon", "coordinates": [ [ [ [ -37.456388270300003, -4.700644405599991, 0.0 ], [ -37.455528270400002, -4.706089362599992, 0.0 ], [ -37.455528270400002, -4.706089362599992, 0.0 ], [ -37.456874777099998, -4.706520737799995, 0.0 ], [ -37.456874777099998, -4.706520737799995, 0.0 ], [ -37.457795957499997, -4.701123027600001, 0.0 ], [ -37.457796768, -4.701123391199999, 0.0 ], [ -37.457455316400001, -4.7010073312, 0.0 ], [ -37.457455316400001, -4.7010073312, 0.0 ], [ -37.45638791, -4.700644314299999, 0.0 ], [ -37.456388270300003, -4.700644405599991, 0.0 ] ] ] ] } },
{ "type": "Feature", "properties": { "Name": null, "descriptio": "DGN_LEVEL_40", "timestamp": null, "begin": null, "end": null, "altitudeMo": null, "tessellate": -1, "extrude": 0, "visibility": -1, "drawOrder": null, "icon": null }, "geometry": { "type": "MultiPolygon", "coordinates": [ [ [ [ -37.454900692300001, -4.700139830300001, 0.0 ], [ -37.454014677899998, -4.705605614600003, 0.0 ], [ -37.454014677899998, -4.705605614600003, 0.0 ], [ -37.455528270400002, -4.706089362599992, 0.0 ], [ -37.455528270400002, -4.706089362599992, 0.0 ], [ -37.456388270300003, -4.700644405599991, 0.0 ], [ -37.45638791, -4.700644314299999, 0.0 ], [ -37.456177687900009, -4.700573490500008, 0.0 ], [ -37.456177687900009, -4.700573490500008, 0.0 ], [ -37.454900692300001, -4.700139830300001, 0.0 ] ] ] ] } },
{ "type": "Feature", "properties": { "Name": null, "descriptio": "DGN_LEVEL_40", "timestamp": null, "begin": null, "end": null, "altitudeMo": null, "tessellate": -1, "extrude": 0, "visibility": -1, "drawOrder": null, "icon": null }, "geometry": { "type": "MultiPolygon", "coordinates": [ [ [ [ -37.463612375899999, -4.703096776399997, 0.0 ], [ -37.462480006299998, -4.708180594300001, 0.0 ], [ -37.462480006299998, -4.708180594300001, 0.0 ], [ -37.466209186199997, -4.703977367800005, 0.0 ], [ -37.466209186199997, -4.703977367800005, 0.0 ], [ -37.465187250100001, -4.703630830399995, 0.0 ], [ -37.465187250100001, -4.703630830399995, 0.0 ], [ -37.463866823899998, -4.703182889, 0.0 ], [ -37.463866823899998, -4.703182889, 0.0 ], [ -37.463612286, -4.703096685799998, 0.0 ], [ -37.463612286, -4.703096685799998, 0.0 ], [ -37.463612375899999, -4.703096776399997, 0.0 ] ] ] ] } },
{ "type": "Feature", "properties": { "Name": null, "descriptio": "DGN_LEVEL_40", "timestamp": null, "begin": null, "end": null, "altitudeMo": null, "tessellate": -1, "extrude": 0, "visibility": -1, "drawOrder": null, "icon": null }, "geometry": { "type": "MultiPolygon", "coordinates": [ [ [ [ -37.453581276800001, -4.699691695, 0.0 ], [ -37.4525517095, -4.705138073700001, 0.0 ], [ -37.4525517095, -4.705138073700001, 0.0 ], [ -37.454014677899998, -4.705605614600003, 0.0 ], [ -37.454014677899998, -4.705605614600003, 0.0 ], [ -37.454900692300001, -4.700139830300001, 0.0 ], [ -37.454900692300001, -4.700139830300001, 0.0 ], [ -37.453581276800001, -4.699691695, 0.0 ] ] ] ] } },
{ "type": "Feature", "properties": { "Name": null, "descriptio": "DGN_LEVEL_40", "timestamp": null, "begin": null, "end": null, "altitudeMo": null, "tessellate": -1, "extrude": 0, "visibility": -1, "drawOrder": null, "icon": null }, "geometry": { "type": "MultiPolygon", "coordinates": [ [ [ [ -37.453478869199998, -4.699656741, 0.0 ], [ -37.452242679400001, -4.6992369135, 0.0 ], [ -37.452242679400001, -4.6992369135, 0.0 ], [ -37.451215295300003, -4.704711507399996, 0.0 ], [ -37.451215295300003, -4.704711507399996, 0.0 ], [ -37.4524549689, -4.705108105800009, 0.0 ], [ -37.4524549689, -4.705108105800009, 0.0 ], [ -37.453478869199998, -4.699656741, 0.0 ] ] ] ] } },
{ "type": "Feature", "properties": { "Name": null, "descriptio": "DGN_LEVEL_40", "timestamp": null, "begin": null, "end": null, "altitudeMo": null, "tessellate": -1, "extrude": 0, "visibility": -1, "drawOrder": null, "icon": null }, "geometry": { "type": "MultiPolygon", "coordinates": [ [ [ [ -37.450965331200003, -4.698802794699992, 0.0 ], [ -37.449889964299999, -4.704287586399998, 0.0 ], [ -37.449889964299999, -4.704287586399998, 0.0 ], [ -37.451215295300003, -4.704711507399996, 0.0 ], [ -37.451215295300003, -4.704711507399996, 0.0 ], [ -37.452242679400001, -4.6992369135, 0.0 ], [ -37.452242679400001, -4.6992369135, 0.0 ], [ -37.450965331200003, -4.698802794699992, 0.0 ] ] ] ] } },
{ "type": "Feature", "properties": { "Name": null, "descriptio": "DGN_LEVEL_40", "timestamp": null, "begin": null, "end": null, "altitudeMo": null, "tessellate": -1, "extrude": 0, "visibility": -1, "drawOrder": null, "icon": null }, "geometry": { "type": "MultiPolygon", "coordinates": [ [ [ [ -37.450965331200003, -4.698802794699992, 0.0 ], [ -37.449687985099999, -4.6983687645, 0.0 ], [ -37.449687985099999, -4.6983687645, 0.0 ], [ -37.448607780899998, -4.703877234100008, 0.0 ], [ -37.448607780899998, -4.703877234100008, 0.0 ], [ -37.449889964299999, -4.704287586399998, 0.0 ], [ -37.449889964299999, -4.704287586399998, 0.0 ], [ -37.450965331200003, -4.698802794699992, 0.0 ] ] ] ] } },
{ "type": "Feature", "properties": { "Name": null, "descriptio": "DGN_LEVEL_40", "timestamp": null, "begin": null, "end": null, "altitudeMo": null, "tessellate": -1, "extrude": 0, "visibility": -1, "drawOrder": null, "icon": null }, "geometry": { "type": "MultiPolygon", "coordinates": [ [ [ [ -37.448410821499998, -4.697934732799999, 0.0 ], [ -37.447325419899997, -4.703466698700003, 0.0 ], [ -37.447325419899997, -4.703466698700003, 0.0 ], [ -37.448607780899998, -4.703877234100008, 0.0 ], [ -37.448607780899998, -4.703877234100008, 0.0 ], [ -37.449687985099999, -4.6983687645, 0.0 ], [ -37.449687985099999, -4.6983687645, 0.0 ], [ -37.448410821499998, -4.697934732799999, 0.0 ] ] ] ] } },
{ "type": "Feature", "properties": { "Name": null, "descriptio": "DGN_LEVEL_40", "timestamp": null, "begin": null, "end": null, "altitudeMo": null, "tessellate": -1, "extrude": 0, "visibility": -1, "drawOrder": null, "icon": null }, "geometry": { "type": "MultiPolygon", "coordinates": [ [ [ [ -37.4470910585, -4.697486044600003, 0.0 ], [ -37.4460431511, -4.703056252099993, 0.0 ], [ -37.4460431511, -4.703056252099993, 0.0 ], [ -37.447325419899997, -4.703466698700003, 0.0 ], [ -37.447325419899997, -4.703466698700003, 0.0 ], [ -37.448410821499998, -4.697934732799999, 0.0 ], [ -37.448410821499998, -4.697934732799999, 0.0 ], [ -37.4470910585, -4.697486044600003, 0.0 ] ] ] ] } },
{ "type": "Feature", "properties": { "Name": null, "descriptio": "DGN_LEVEL_40", "timestamp": null, "begin": null, "end": null, "altitudeMo": null, "tessellate": -1, "extrude": 0, "visibility": -1, "drawOrder": null, "icon": null }, "geometry": { "type": "MultiPolygon", "coordinates": [ [ [ [ -37.4457712982, -4.697037264, 0.0 ], [ -37.444632712599997, -4.702604460400003, 0.0 ], [ -37.444632712599997, -4.702604460400003, 0.0 ], [ -37.4460431511, -4.703056252099993, 0.0 ], [ -37.4460431511, -4.703056252099993, 0.0 ], [ -37.4470910585, -4.697486044600003, 0.0 ], [ -37.4470910585, -4.697486044600003, 0.0 ], [ -37.4457712982, -4.697037264, 0.0 ] ] ] ] } },
{ "type": "Feature", "properties": { "Name": null, "descriptio": "DGN_LEVEL_40", "timestamp": null, "begin": null, "end": null, "altitudeMo": null, "tessellate": -1, "extrude": 0, "visibility": -1, "drawOrder": null, "icon": null }, "geometry": { "type": "MultiPolygon", "coordinates": [ [ [ [ -37.444279602100004, -4.696529858399993, 0.0 ], [ -37.443137159199999, -4.7021252555, 0.0 ], [ -37.443137159199999, -4.7021252555, 0.0 ], [ -37.444632712599997, -4.702604460400003, 0.0 ], [ -37.444632712599997, -4.702604460400003, 0.0 ], [ -37.4457712982, -4.697037264, 0.0 ], [ -37.4457712982, -4.697037264, 0.0 ], [ -37.444279602100004, -4.696529858399993, 0.0 ] ] ] ] } },
{ "type": "Feature", "properties": { "Name": null, "descriptio": "DGN_LEVEL_40", "timestamp": null, "begin": null, "end": null, "altitudeMo": null, "tessellate": -1, "extrude": 0, "visibility": -1, "drawOrder": null, "icon": null }, "geometry": { "type": "MultiPolygon", "coordinates": [ [ [ [ -37.443087562499997, -4.696124314899994, 0.0 ], [ -37.441759513, -4.701683661, 0.0 ], [ -37.441759513, -4.701683661, 0.0 ], [ -37.443137159199999, -4.7021252555, 0.0 ], [ -37.443137159199999, -4.7021252555, 0.0 ], [ -37.444279602100004, -4.696529858399993, 0.0 ], [ -37.444279602100004, -4.696529858399993, 0.0 ], [ -37.443087562499997, -4.696124314899994, 0.0 ] ] ] ] } },
{ "type": "Feature", "properties": { "Name": null, "descriptio": "DGN_LEVEL_40", "timestamp": null, "begin": null, "end": null, "altitudeMo": null, "tessellate": -1, "extrude": 0, "visibility": -1, "drawOrder": null, "icon": null }, "geometry": { "type": "MultiPolygon", "coordinates": [ [ [ [ -37.441725838899998, -4.695660965200001, 0.0 ], [ -37.440340797, -4.701228769100008, 0.0 ], [ -37.440340797, -4.701228769100008, 0.0 ], [ -37.441759513, -4.701683661, 0.0 ], [ -37.441759513, -4.701683661, 0.0 ], [ -37.443087562499997, -4.696124314899994, 0.0 ], [ -37.443087562499997, -4.696124314899994, 0.0 ], [ -37.441725838899998, -4.695660965200001, 0.0 ] ] ] ] } },
{ "type": "Feature", "properties": { "Name": null, "descriptio": "DGN_LEVEL_40", "timestamp": null, "begin": null, "end": null, "altitudeMo": null, "tessellate": -1, "extrude": 0, "visibility": -1, "drawOrder": null, "icon": null }, "geometry": { "type": "MultiPolygon", "coordinates": [ [ [ [ -37.440363667900002, -4.695197341100004, 0.0 ], [ -37.439328633700001, -4.699338698599992, 0.0 ], [ -37.439328633700001, -4.699338698599992, 0.0 ], [ -37.43978784, -4.7001641207, 0.0 ], [ -37.43978784, -4.7001641207, 0.0 ], [ -37.440293055300003, -4.701134159, 0.0 ], [ -37.440293055300003, -4.701134159, 0.0 ], [ -37.440340797, -4.701228769100008, 0.0 ], [ -37.440340797, -4.701228769100008, 0.0 ], [ -37.441725838899998, -4.695660965200001, 0.0 ], [ -37.441725838899998, -4.695660965200001, 0.0 ], [ -37.440363667900002, -4.695197341100004, 0.0 ] ] ] ] } },
{ "type": "Feature", "properties": { "Name": null, "descriptio": "DGN_LEVEL_40", "timestamp": null, "begin": null, "end": null, "altitudeMo": null, "tessellate": -1, "extrude": 0, "visibility": -1, "drawOrder": null, "icon": null }, "geometry": { "type": "MultiPolygon", "coordinates": [ [ [ [ -37.438958808099997, -4.694719059599993, 0.0 ], [ -37.437724356700002, -4.694298763800003, 0.0 ], [ -37.437724356700002, -4.694298763800003, 0.0 ], [ -37.436396419200001, -4.693846424099998, 0.0 ], [ -37.436396419200001, -4.693846424099998, 0.0 ], [ -37.436197542499997, -4.693783398300006, 0.0 ], [ -37.436197542499997, -4.693783398300006, 0.0 ], [ -37.437177735, -4.695534038399998, 0.0 ], [ -37.437177735, -4.695534038399998, 0.0 ], [ -37.439328453, -4.699338879, 0.0 ], [ -37.439328633700001, -4.699338698599992, 0.0 ], [ -37.440363667900002, -4.695197341100004, 0.0 ], [ -37.440363667900002, -4.695197341100004, 0.0 ], [ -37.438958808099997, -4.694719059599993, 0.0 ] ] ] ] } },
{ "type": "Feature", "properties": { "Name": null, "descriptio": "DGN_LEVEL_40", "timestamp": null, "begin": null, "end": null, "altitudeMo": null, "tessellate": -1, "extrude": 0, "visibility": -1, "drawOrder": null, "icon": null }, "geometry": { "type": "MultiPolygon", "coordinates": [ [ [ [ -37.458558226199997, -4.707153531499999, 0.0 ], [ -37.456944823500002, -4.712281656800005, 0.0 ], [ -37.456944823500002, -4.712281656800005, 0.0 ], [ -37.458428275, -4.712748063900009, 0.0 ], [ -37.458428275, -4.712748063900009, 0.0 ], [ -37.460222703, -4.707684993500006, 0.0 ], [ -37.460222703, -4.707684993500006, 0.0 ], [ -37.458558226199997, -4.707153531499999, 0.0 ] ] ] ] } },
{ "type": "Feature", "properties": { "Name": null, "descriptio": "DGN_LEVEL_40", "timestamp": null, "begin": null, "end": null, "altitudeMo": null, "tessellate": -1, "extrude": 0, "visibility": -1, "drawOrder": null, "icon": null }, "geometry": { "type": "MultiPolygon", "coordinates": [ [ [ [ -37.455505453100002, -4.706176852499999, 0.0 ], [ -37.454147991900001, -4.711401755500003, 0.0 ], [ -37.454147991900001, -4.711401755500003, 0.0 ], [ -37.455546586399997, -4.711841843300003, 0.0 ], [ -37.455546586399997, -4.711841843300003, 0.0 ], [ -37.456979413299997, -4.706649296299997, 0.0 ], [ -37.456979413299997, -4.706649296299997, 0.0 ], [ -37.455505453100002, -4.706176852499999, 0.0 ] ] ] ] } },
{ "type": "Feature", "properties": { "Name": null, "descriptio": "DGN_LEVEL_40", "timestamp": null, "begin": null, "end": null, "altitudeMo": null, "tessellate": -1, "extrude": 0, "visibility": -1, "drawOrder": null, "icon": null }, "geometry": { "type": "MultiPolygon", "coordinates": [ [ [ [ -37.453948713300001, -4.705680257200005, 0.0 ], [ -37.452798670200004, -4.710977510699997, 0.0 ], [ -37.452798670200004, -4.710977510699997, 0.0 ], [ -37.454147991900001, -4.711401755500003, 0.0 ], [ -37.454147991900001, -4.711401755500003, 0.0 ], [ -37.455505453100002, -4.706176852499999, 0.0 ], [ -37.455505453100002, -4.706176852499999, 0.0 ], [ -37.453948713300001, -4.705680257200005, 0.0 ] ] ] ] } },
{ "type": "Feature", "properties": { "Name": null, "descriptio": "DGN_LEVEL_40", "timestamp": null, "begin": null, "end": null, "altitudeMo": null, "tessellate": -1, "extrude": 0, "visibility": -1, "drawOrder": null, "icon": null }, "geometry": { "type": "MultiPolygon", "coordinates": [ [ [ [ -37.452534027299997, -4.70522666, 0.0 ], [ -37.451472072400001, -4.710550149200007, 0.0 ], [ -37.451472072400001, -4.710550149200007, 0.0 ], [ -37.452798670200004, -4.710977510699997, 0.0 ], [ -37.452798670200004, -4.710977510699997, 0.0 ], [ -37.453948713300001, -4.705680257200005, 0.0 ], [ -37.453948713300001, -4.705680257200005, 0.0 ], [ -37.452534027299997, -4.70522666, 0.0 ] ] ] ] } },
{ "type": "Feature", "properties": { "Name": null, "descriptio": "DGN_LEVEL_40", "timestamp": null, "begin": null, "end": null, "altitudeMo": null, "tessellate": -1, "extrude": 0, "visibility": -1, "drawOrder": null, "icon": null }, "geometry": { "type": "MultiPolygon", "coordinates": [ [ [ [ -37.450148678799998, -4.710142236200007, 0.0 ], [ -37.451377474099999, -4.710529409899997, 0.0 ], [ -37.451377474099999, -4.710529409899997, 0.0 ], [ -37.452438097, -4.705197146, 0.0 ], [ -37.452438097, -4.705197146, 0.0 ], [ -37.451198603400002, -4.704800548, 0.0 ], [ -37.451198603400002, -4.704800548, 0.0 ], [ -37.450148678799998, -4.710142236200007, 0.0 ] ] ] ] } },
{ "type": "Feature", "properties": { "Name": null, "descriptio": "DGN_LEVEL_40", "timestamp": null, "begin": null, "end": null, "altitudeMo": null, "tessellate": -1, "extrude": 0, "visibility": -1, "drawOrder": null, "icon": null }, "geometry": { "type": "MultiPolygon", "coordinates": [ [ [ [ -37.4488427824, -4.709730561899994, 0.0 ], [ -37.450147868099997, -4.710141963100006, 0.0 ], [ -37.450148678799998, -4.710142236200007, 0.0 ], [ -37.451198603400002, -4.704800548, 0.0 ], [ -37.451197883, -4.704800275099993, 0.0 ], [ -37.449872912399996, -4.704376354699992, 0.0 ], [ -37.449872912399996, -4.704376354699992, 0.0 ], [ -37.4488427824, -4.709730561899994, 0.0 ] ] ] ] } },
{ "type": "Feature", "properties": { "Name": null, "descriptio": "DGN_LEVEL_40", "timestamp": null, "begin": null, "end": null, "altitudeMo": null, "tessellate": -1, "extrude": 0, "visibility": -1, "drawOrder": null, "icon": null }, "geometry": { "type": "MultiPolygon", "coordinates": [ [ [ [ -37.448590188300003, -4.703965910799995, 0.0 ], [ -37.447529953100002, -4.709316428499995, 0.0 ], [ -37.447529953100002, -4.709316428499995, 0.0 ], [ -37.4488427824, -4.709730561899994, 0.0 ], [ -37.4488427824, -4.709730561899994, 0.0 ], [ -37.449872912399996, -4.704376354699992, 0.0 ], [ -37.449872912399996, -4.704376354699992, 0.0 ], [ -37.448590188300003, -4.703965910799995, 0.0 ] ] ] ] } },
{ "type": "Feature", "properties": { "Name": null, "descriptio": "DGN_LEVEL_40", "timestamp": null, "begin": null, "end": null, "altitudeMo": null, "tessellate": -1, "extrude": 0, "visibility": -1, "drawOrder": null, "icon": null }, "geometry": { "type": "MultiPolygon", "coordinates": [ [ [ [ -37.446026008700002, -4.70314502, 0.0 ], [ -37.444986989900002, -4.708513933500003, 0.0 ], [ -37.444986989900002, -4.708513933500003, 0.0 ], [ -37.446259461, -4.708915591100006, 0.0 ], [ -37.446259461, -4.708915591100006, 0.0 ], [ -37.447308007300009, -4.703555466100007, 0.0 ], [ -37.447308007300009, -4.703555466100007, 0.0 ], [ -37.446026008700002, -4.70314502, 0.0 ] ] ] ] } },
{ "type": "Feature", "properties": { "Name": null, "descriptio": "DGN_LEVEL_40", "timestamp": null, "begin": null, "end": null, "altitudeMo": null, "tessellate": -1, "extrude": 0, "visibility": -1, "drawOrder": null, "icon": null }, "geometry": { "type": "MultiPolygon", "coordinates": [ [ [ [ -37.444616651300002, -4.702693411500003, 0.0 ], [ -37.443712175, -4.707707758099995, 0.0 ], [ -37.443712175, -4.707707758099995, 0.0 ], [ -37.443838464, -4.707947690399997, 0.0 ], [ -37.443838464, -4.707947690399997, 0.0 ], [ -37.443967537699997, -4.708191969700005, 0.0 ], [ -37.443967537699997, -4.708191969700005, 0.0 ], [ -37.444986989900002, -4.708513933500003, 0.0 ], [ -37.444986989900002, -4.708513933500003, 0.0 ], [ -37.446026008700002, -4.70314502, 0.0 ], [ -37.446026008700002, -4.70314502, 0.0 ], [ -37.444616651300002, -4.702693411500003, 0.0 ] ] ] ] } },
{ "type": "Feature", "properties": { "Name": null, "descriptio": "DGN_LEVEL_40", "timestamp": null, "begin": null, "end": null, "altitudeMo": null, "tessellate": -1, "extrude": 0, "visibility": -1, "drawOrder": null, "icon": null }, "geometry": { "type": "MultiPolygon", "coordinates": [ [ [ [ -37.440399673599998, -4.701342214399997, 0.0 ], [ -37.442330887200001, -4.705088868300002, 0.0 ], [ -37.442330887200001, -4.705088868300002, 0.0 ], [ -37.443113439900003, -4.702212561599995, 0.0 ], [ -37.443113439900003, -4.702212561599995, 0.0 ], [ -37.440399673599998, -4.701342214399997, 0.0 ] ] ] ] } },
{ "type": "Feature", "properties": { "Name": null, "descriptio": "DGN_LEVEL_40", "timestamp": null, "begin": null, "end": null, "altitudeMo": null, "tessellate": -1, "extrude": 0, "visibility": -1, "drawOrder": null, "icon": null }, "geometry": { "type": "MultiPolygon", "coordinates": [ [ [ [ -37.4512595964, -4.711578364800003, 0.0 ], [ -37.457746247400003, -4.713504029599998, 0.0 ], [ -37.457746247400003, -4.713504029599998, 0.0 ], [ -37.457957418200003, -4.713268916499999, 0.0 ], [ -37.457957418200003, -4.713268916499999, 0.0 ], [ -37.458428185099997, -4.712747973300002, 0.0 ], [ -37.458428275, -4.712748063900009, 0.0 ], [ -37.456944823500002, -4.712281656800005, 0.0 ], [ -37.456944823500002, -4.712281656800005, 0.0 ], [ -37.455546586399997, -4.711841843300003, 0.0 ], [ -37.455546586399997, -4.711841843300003, 0.0 ], [ -37.454147991900001, -4.711401755500003, 0.0 ], [ -37.454147991900001, -4.711401755500003, 0.0 ], [ -37.452798670200004, -4.710977510699997, 0.0 ], [ -37.452798670200004, -4.710977510699997, 0.0 ], [ -37.451472072400001, -4.710550149200007, 0.0 ], [ -37.451472072400001, -4.710550149200007, 0.0 ], [ -37.4512595964, -4.711578364800003, 0.0 ] ] ] ] } },
{ "type": "Feature", "properties": { "Name": null, "descriptio": "DGN_LEVEL_40", "timestamp": null, "begin": null, "end": null, "altitudeMo": null, "tessellate": -1, "extrude": 0, "visibility": -1, "drawOrder": null, "icon": null }, "geometry": { "type": "MultiPolygon", "coordinates": [ [ [ [ -37.4446713225, -4.709531965699995, 0.0 ], [ -37.451156279899998, -4.7115462113, 0.0 ], [ -37.451156279899998, -4.7115462113, 0.0 ], [ -37.451376753600002, -4.710529137, 0.0 ], [ -37.451377474099999, -4.710529409899997, 0.0 ], [ -37.450148678799998, -4.710142236200007, 0.0 ], [ -37.450147868099997, -4.710141963100006, 0.0 ], [ -37.4488427824, -4.709730561899994, 0.0 ], [ -37.4488427824, -4.709730561899994, 0.0 ], [ -37.447529953100002, -4.709316428499995, 0.0 ], [ -37.447529953100002, -4.709316428499995, 0.0 ], [ -37.446259461, -4.708915591100006, 0.0 ], [ -37.446259461, -4.708915591100006, 0.0 ], [ -37.444986989900002, -4.708513933500003, 0.0 ], [ -37.444986989900002, -4.708513933500003, 0.0 ], [ -37.443967537699997, -4.708191969700005, 0.0 ], [ -37.443967537699997, -4.708191969700005, 0.0 ], [ -37.4446713225, -4.709531965699995, 0.0 ] ] ] ] } },
{ "type": "Feature", "properties": { "Name": null, "descriptio": "DGN_LEVEL_40", "timestamp": null, "begin": null, "end": null, "altitudeMo": null, "tessellate": -1, "extrude": 0, "visibility": -1, "drawOrder": null, "icon": null }, "geometry": { "type": "MultiPolygon", "coordinates": [ [ [ [ -37.445499309299997, -4.711119485900001, 0.0 ], [ -37.450905570700002, -4.712743453200005, 0.0 ], [ -37.450905570700002, -4.712743453200005, 0.0 ], [ -37.451156279899998, -4.7115462113, 0.0 ], [ -37.451156279899998, -4.7115462113, 0.0 ], [ -37.4446713225, -4.709531965699995, 0.0 ], [ -37.4446713225, -4.709531965699995, 0.0 ], [ -37.4447975219, -4.709771897800003, 0.0 ], [ -37.4447975219, -4.709771897800003, 0.0 ], [ -37.445417101099999, -4.710958600900007, 0.0 ], [ -37.445417101099999, -4.710958600900007, 0.0 ], [ -37.445499309299997, -4.711119485900001, 0.0 ] ] ] ] } },
{ "type": "Feature", "properties": { "Name": null, "descriptio": "DGN_LEVEL_40", "timestamp": null, "begin": null, "end": null, "altitudeMo": null, "tessellate": -1, "extrude": 0, "visibility": -1, "drawOrder": null, "icon": null }, "geometry": { "type": "MultiPolygon", "coordinates": [ [ [ [ -37.450750158200002, -4.714011807500005, 0.0 ], [ -37.455840716600001, -4.715510967300007, 0.0 ], [ -37.455840716600001, -4.715510967300007, 0.0 ], [ -37.456135297599999, -4.7153025379, 0.0 ], [ -37.456135297599999, -4.7153025379, 0.0 ], [ -37.456875176899999, -4.714474175100006, 0.0 ], [ -37.456874906899998, -4.714473993599994, 0.0 ], [ -37.45100925, -4.712774612800005, 0.0 ], [ -37.45100925, -4.712774612800005, 0.0 ], [ -37.450750158200002, -4.714011807500005, 0.0 ] ] ] ] } },
{ "type": "Feature", "properties": { "Name": null, "descriptio": "DGN_LEVEL_40", "timestamp": null, "begin": null, "end": null, "altitudeMo": null, "tessellate": -1, "extrude": 0, "visibility": -1, "drawOrder": null, "icon": null }, "geometry": { "type": "MultiPolygon", "coordinates": [ [ [ [ -37.447594402500002, -4.715246060299993, 0.0 ], [ -37.4503540515, -4.716023264600007, 0.0 ], [ -37.4503540515, -4.716023264600007, 0.0 ], [ -37.45064666, -4.713980196099993, 0.0 ], [ -37.45064666, -4.713980196099993, 0.0 ], [ -37.446271555499997, -4.712643216199994, 0.0 ], [ -37.446271555499997, -4.712643216199994, 0.0 ], [ -37.446524609400001, -4.713153558299993, 0.0 ], [ -37.446524609400001, -4.713153558299993, 0.0 ], [ -37.447594402500002, -4.715246060299993, 0.0 ] ] ] ] } },
{ "type": "Feature", "properties": { "Name": null, "descriptio": "DGN_LEVEL_40", "timestamp": null, "begin": null, "end": null, "altitudeMo": null, "tessellate": -1, "extrude": 0, "visibility": -1, "drawOrder": null, "icon": null }, "geometry": { "type": "MultiPolygon", "coordinates": [ [ [ [ -37.463971666500001, -4.687644710099998, 0.0 ], [ -37.463710662400004, -4.692086563099997, 0.0 ], [ -37.463710662400004, -4.692086563099997, 0.0 ], [ -37.463971666500001, -4.687644710099998, 0.0 ] ] ] ] } },
{ "type": "Feature", "properties": { "Name": null, "descriptio": "DGN_LEVEL_40", "timestamp": null, "begin": null, "end": null, "altitudeMo": null, "tessellate": -1, "extrude": 0, "visibility": -1, "drawOrder": null, "icon": null }, "geometry": { "type": "MultiPolygon", "coordinates": [ [ [ [ -37.463710662400004, -4.692086563099997, 0.0 ], [ -37.463971666500001, -4.687644710099998, 0.0 ], [ -37.463971666500001, -4.687644710099998, 0.0 ], [ -37.463065629100001, -4.687356762700002, 0.0 ], [ -37.463065629100001, -4.687356762700002, 0.0 ], [ -37.461518099199999, -4.686864918900008, 0.0 ], [ -37.461518099199999, -4.686864918900008, 0.0 ], [ -37.459968861599997, -4.686372345099997, 0.0 ], [ -37.459968951599997, -4.6863724358, 0.0 ], [ -37.4591230873, -4.686103427300003, 0.0 ], [ -37.4591230873, -4.686103427300003, 0.0 ], [ -37.459037158699999, -4.686076197899999, 0.0 ], [ -37.459037158699999, -4.686076197899999, 0.0 ], [ -37.458503213900002, -4.685906269500005, 0.0 ], [ -37.458503213900002, -4.685906269500005, 0.0 ], [ -37.457037568600001, -4.685440372200002, 0.0 ], [ -37.457037568600001, -4.685440372200002, 0.0 ], [ -37.455485728299998, -4.684946880400001, 0.0 ], [ -37.455485728299998, -4.684946880400001, 0.0 ], [ -37.455481875, -4.685059824500005, 0.0 ], [ -37.455481875, -4.685059824500005, 0.0 ], [ -37.455026974, -4.689365305499997, 0.0 ], [ -37.455026974, -4.689365305499997, 0.0 ], [ -37.454671023899998, -4.6939591269, 0.0 ], [ -37.454671023899998, -4.6939591269, 0.0 ], [ -37.4636925748, -4.697058083299995, 0.0 ], [ -37.4636925748, -4.697058083299995, 0.0 ], [ -37.463710662400004, -4.692086563099997, 0.0 ] ] ] ] } },
{ "type": "Feature", "properties": { "Name": null, "descriptio": "DGN_LEVEL_40", "timestamp": null, "begin": null, "end": null, "altitudeMo": null, "tessellate": -1, "extrude": 0, "visibility": -1, "drawOrder": null, "icon": null }, "geometry": { "type": "MultiPolygon", "coordinates": [ [ [ [ -37.434814921600001, -4.678776106599994, 0.0 ], [ -37.434906211, -4.684135855799995, 0.0 ], [ -37.434906211, -4.684135855799995, 0.0 ], [ -37.436720877799999, -4.684088911299995, 0.0 ], [ -37.436720877799999, -4.684088911299995, 0.0 ], [ -37.436300673700003, -4.678854125800004, 0.0 ], [ -37.436300674100004, -4.678853944899991, 0.0 ], [ -37.435792774600003, -4.678692652100008, 0.0 ], [ -37.435792774600003, -4.678692652100008, 0.0 ], [ -37.434814921600001, -4.678776106599994, 0.0 ] ] ] ] } },
{ "type": "Feature", "properties": { "Name": null, "descriptio": "DGN_LEVEL_40", "timestamp": null, "begin": null, "end": null, "altitudeMo": null, "tessellate": -1, "extrude": 0, "visibility": -1, "drawOrder": null, "icon": null }, "geometry": { "type": "MultiPolygon", "coordinates": [ [ [ [ -37.471788107899997, -4.694764534899997, 0.0 ], [ -37.470250143599998, -4.6942551798, 0.0 ], [ -37.470250143599998, -4.6942551798, 0.0 ], [ -37.469917692700001, -4.699147708100003, 0.0 ], [ -37.469917692700001, -4.699147708100003, 0.0 ], [ -37.471466441399997, -4.699634572600007, 0.0 ], [ -37.471466441399997, -4.699634572600007, 0.0 ], [ -37.471788107899997, -4.694764534899997, 0.0 ] ] ] ] } },
{ "type": "Feature", "properties": { "Name": null, "descriptio": "DGN_LEVEL_40", "timestamp": null, "begin": null, "end": null, "altitudeMo": null, "tessellate": -1, "extrude": 0, "visibility": -1, "drawOrder": null, "icon": null }, "geometry": { "type": "MultiPolygon", "coordinates": [ [ [ [ -37.4671726953, -4.693235101700004, 0.0 ], [ -37.465634652200009, -4.692725015, 0.0 ], [ -37.465634652200009, -4.692725015, 0.0 ], [ -37.465223004, -4.697590226199993, 0.0 ], [ -37.465223004, -4.697590226199993, 0.0 ], [ -37.466835654900002, -4.698157184, 0.0 ], [ -37.466835654900002, -4.698157184, 0.0 ], [ -37.4671726953, -4.693235101700004, 0.0 ] ] ] ] } },
{ "type": "Feature", "properties": { "Name": null, "descriptio": "DGN_LEVEL_40", "timestamp": null, "begin": null, "end": null, "altitudeMo": null, "tessellate": -1, "extrude": 0, "visibility": -1, "drawOrder": null, "icon": null }, "geometry": { "type": "MultiPolygon", "coordinates": [ [ [ [ -37.4427623662, -4.685217534800003, 0.0 ], [ -37.442416177299997, -4.689769023399997, 0.0 ], [ -37.442416177299997, -4.689769023399997, 0.0 ], [ -37.443947663099998, -4.690291890300006, 0.0 ], [ -37.443947663099998, -4.690291890300006, 0.0 ], [ -37.444282151800003, -4.685728886700002, 0.0 ], [ -37.444282151800003, -4.685728886700002, 0.0 ], [ -37.4427623662, -4.685217534800003, 0.0 ] ] ] ] } },
{ "type": "Feature", "properties": { "Name": null, "descriptio": "DGN_LEVEL_40", "timestamp": null, "begin": null, "end": null, "altitudeMo": null, "tessellate": -1, "extrude": 0, "visibility": -1, "drawOrder": null, "icon": null }, "geometry": { "type": "MultiPolygon", "coordinates": [ [ [ [ -37.464291152199998, -4.697642254099993, 0.0 ], [ -37.462590533799997, -4.702750145699994, 0.0 ], [ -37.462590533799997, -4.702750145699994, 0.0 ], [ -37.463612286, -4.703096685799998, 0.0 ], [ -37.463612286, -4.703096685799998, 0.0 ], [ -37.463866823899998, -4.703182889, 0.0 ], [ -37.463866823899998, -4.703182889, 0.0 ], [ -37.465616275100004, -4.698081791300003, 0.0 ], [ -37.465616275100004, -4.698081791300003, 0.0 ], [ -37.464291152199998, -4.697642254099993, 0.0 ] ] ] ] } },
{ "type": "Feature", "properties": { "Name": null, "descriptio": "DGN_LEVEL_40", "timestamp": null, "begin": null, "end": null, "altitudeMo": null, "tessellate": -1, "extrude": 0, "visibility": -1, "drawOrder": null, "icon": null }, "geometry": { "type": "MultiPolygon", "coordinates": [ [ [ [ -37.441725838899998, -4.695660965200001, 0.0 ], [ -37.443087562499997, -4.696124314899994, 0.0 ], [ -37.443087562499997, -4.696124314899994, 0.0 ], [ -37.444665082500002, -4.690925622199997, 0.0 ], [ -37.444665082500002, -4.690925622199997, 0.0 ], [ -37.443298484499998, -4.690468598, 0.0 ], [ -37.443298484499998, -4.690468598, 0.0 ], [ -37.441725838899998, -4.695660965200001, 0.0 ] ] ] ] } },
{ "type": "Feature", "properties": { "Name": null, "descriptio": "DGN_LEVEL_40", "timestamp": null, "begin": null, "end": null, "altitudeMo": null, "tessellate": -1, "extrude": 0, "visibility": -1, "drawOrder": null, "icon": null }, "geometry": { "type": "MultiPolygon", "coordinates": [ [ [ [ -37.440363667900002, -4.695197341100004, 0.0 ], [ -37.4419871765, -4.689995778799992, 0.0 ], [ -37.4419871765, -4.689995778799992, 0.0 ], [ -37.44057715000001, -4.689533770100001, 0.0 ], [ -37.44057715000001, -4.689533770100001, 0.0 ], [ -37.438958808099997, -4.694719059599993, 0.0 ], [ -37.438958808099997, -4.694719059599993, 0.0 ], [ -37.440363667900002, -4.695197341100004, 0.0 ] ] ] ] } },
{ "type": "Feature", "properties": { "Name": null, "descriptio": "DGN_LEVEL_40", "timestamp": null, "begin": null, "end": null, "altitudeMo": null, "tessellate": -1, "extrude": 0, "visibility": -1, "drawOrder": null, "icon": null }, "geometry": { "type": "MultiPolygon", "coordinates": [ [ [ [ -37.460222703, -4.707684993500006, 0.0 ], [ -37.458428275, -4.712748063900009, 0.0 ], [ -37.458428275, -4.712748063900009, 0.0 ], [ -37.458664324399997, -4.712471586700005, 0.0 ], [ -37.458664324399997, -4.712471586700005, 0.0 ], [ -37.461912636299999, -4.708816452, 0.0 ], [ -37.461912636299999, -4.708816452, 0.0 ], [ -37.462390367300003, -4.708281954300004, 0.0 ], [ -37.462390367300003, -4.708281954300004, 0.0 ], [ -37.460222703, -4.707684993500006, 0.0 ] ] ] ] } },
{ "type": "Feature", "properties": { "Name": null, "descriptio": "DGN_LEVEL_40", "timestamp": null, "begin": null, "end": null, "altitudeMo": null, "tessellate": -1, "extrude": 0, "visibility": -1, "drawOrder": null, "icon": null }, "geometry": { "type": "MultiPolygon", "coordinates": [ [ [ [ -37.456979413299997, -4.706649296299997, 0.0 ], [ -37.455546586399997, -4.711841843300003, 0.0 ], [ -37.455546586399997, -4.711841843300003, 0.0 ], [ -37.456944823500002, -4.712281656800005, 0.0 ], [ -37.456944823500002, -4.712281656800005, 0.0 ], [ -37.458558226199997, -4.707153531499999, 0.0 ], [ -37.458558226199997, -4.707153531499999, 0.0 ], [ -37.456979413299997, -4.706649296299997, 0.0 ] ] ] ] } },
{ "type": "Feature", "properties": { "Name": null, "descriptio": "DGN_LEVEL_40", "timestamp": null, "begin": null, "end": null, "altitudeMo": null, "tessellate": -1, "extrude": 0, "visibility": -1, "drawOrder": null, "icon": null }, "geometry": { "type": "MultiPolygon", "coordinates": [ [ [ [ -37.446259461, -4.708915591100006, 0.0 ], [ -37.447529953100002, -4.709316428499995, 0.0 ], [ -37.447529953100002, -4.709316428499995, 0.0 ], [ -37.448590188300003, -4.703965910799995, 0.0 ], [ -37.448590188300003, -4.703965910799995, 0.0 ], [ -37.447308007300009, -4.703555466100007, 0.0 ], [ -37.447308007300009, -4.703555466100007, 0.0 ], [ -37.446259461, -4.708915591100006, 0.0 ] ] ] ] } },
{ "type": "Feature", "properties": { "Name": null, "descriptio": "DGN_LEVEL_40", "timestamp": null, "begin": null, "end": null, "altitudeMo": null, "tessellate": -1, "extrude": 0, "visibility": -1, "drawOrder": null, "icon": null }, "geometry": { "type": "MultiPolygon", "coordinates": [ [ [ [ -37.443113439900003, -4.702212561599995, 0.0 ], [ -37.442330887200001, -4.705088868300002, 0.0 ], [ -37.442330887200001, -4.705088868300002, 0.0 ], [ -37.4426445143, -4.705677661299992, 0.0 ], [ -37.4426445143, -4.705677661299992, 0.0 ], [ -37.443712175, -4.707707758099995, 0.0 ], [ -37.443712175, -4.707707758099995, 0.0 ], [ -37.444616651300002, -4.702693411500003, 0.0 ], [ -37.444616651300002, -4.702693411500003, 0.0 ], [ -37.443113439900003, -4.702212561599995, 0.0 ] ] ] ] } },
{ "type": "Feature", "properties": { "Name": null, "descriptio": "DGN_LEVEL_40", "timestamp": null, "begin": null, "end": null, "altitudeMo": null, "tessellate": -1, "extrude": 0, "visibility": -1, "drawOrder": null, "icon": null }, "geometry": { "type": "MultiPolygon", "coordinates": [ [ [ [ -37.45100925, -4.712774612800005, 0.0 ], [ -37.456874906899998, -4.714473993599994, 0.0 ], [ -37.456874906899998, -4.714473993599994, 0.0 ], [ -37.457025268099997, -4.714305667400001, 0.0 ], [ -37.457025268099997, -4.714305667400001, 0.0 ], [ -37.457746067400002, -4.713503938800007, 0.0 ], [ -37.457746247400003, -4.713504029599998, 0.0 ], [ -37.4512595964, -4.711578364800003, 0.0 ], [ -37.4512595964, -4.711578364800003, 0.0 ], [ -37.45100925, -4.712774612800005, 0.0 ] ] ] ] } },
{ "type": "Feature", "properties": { "Name": null, "descriptio": "DGN_LEVEL_40", "timestamp": null, "begin": null, "end": null, "altitudeMo": null, "tessellate": -1, "extrude": 0, "visibility": -1, "drawOrder": null, "icon": null }, "geometry": { "type": "MultiPolygon", "coordinates": [ [ [ [ -37.446271555499997, -4.712643216199994, 0.0 ], [ -37.45064666, -4.713980196099993, 0.0 ], [ -37.45064666, -4.713980196099993, 0.0 ], [ -37.450905570700002, -4.712743453200005, 0.0 ], [ -37.450905570700002, -4.712743453200005, 0.0 ], [ -37.445499309299997, -4.711119485900001, 0.0 ], [ -37.445499309299997, -4.711119485900001, 0.0 ], [ -37.446050716499997, -4.712197968100005, 0.0 ], [ -37.446050716499997, -4.712197968100005, 0.0 ], [ -37.446271555499997, -4.712643216199994, 0.0 ] ] ] ] } },
{ "type": "Feature", "properties": { "Name": null, "descriptio": "DGN_LEVEL_40", "timestamp": null, "begin": null, "end": null, "altitudeMo": null, "tessellate": -1, "extrude": 0, "visibility": -1, "drawOrder": null, "icon": null }, "geometry": { "type": "MultiPolygon", "coordinates": [ [ [ [ -37.450458276, -4.716052616900003, 0.0 ], [ -37.453271083200001, -4.716844761499998, 0.0 ], [ -37.453271083200001, -4.716844761499998, 0.0 ], [ -37.454157347799999, -4.716425673200008, 0.0 ], [ -37.454157347799999, -4.716425673200008, 0.0 ], [ -37.4553839043, -4.715833796899992, 0.0 ], [ -37.4553839043, -4.715833796899992, 0.0 ], [ -37.455840716600001, -4.715510967300007, 0.0 ], [ -37.455840716600001, -4.715510967300007, 0.0 ], [ -37.450750158200002, -4.714011807500005, 0.0 ], [ -37.450750158200002, -4.714011807500005, 0.0 ], [ -37.450458276, -4.716052616900003, 0.0 ] ] ] ] } },
{ "type": "Feature", "properties": { "Name": null, "descriptio": "DGN_LEVEL_40", "timestamp": null, "begin": null, "end": null, "altitudeMo": null, "tessellate": -1, "extrude": 0, "visibility": -1, "drawOrder": null, "icon": null }, "geometry": { "type": "MultiPolygon", "coordinates": [ [ [ [ -37.4483975407, -4.716906144199998, 0.0 ], [ -37.449009733899999, -4.718216545299993, 0.0 ], [ -37.449009733899999, -4.718216545299993, 0.0 ], [ -37.451684325599999, -4.717602138099999, 0.0 ], [ -37.451684325599999, -4.717602138099999, 0.0 ], [ -37.453271083200001, -4.716844761499998, 0.0 ], [ -37.453271083200001, -4.716844761499998, 0.0 ], [ -37.450458276, -4.716052616900003, 0.0 ], [ -37.450458276, -4.716052616900003, 0.0 ], [ -37.4503540515, -4.716023264600007, 0.0 ], [ -37.4503540515, -4.716023264600007, 0.0 ], [ -37.447594402500002, -4.715246060299993, 0.0 ], [ -37.447594402500002, -4.715246060299993, 0.0 ], [ -37.4483975407, -4.716906144199998, 0.0 ] ] ] ] } },
{ "type": "Feature", "properties": { "Name": null, "descriptio": "DGN_LEVEL_1", "timestamp": null, "begin": null, "end": null, "altitudeMo": null, "tessellate": -1, "extrude": 0, "visibility": -1, "drawOrder": null, "icon": null }, "geometry": { "type": "MultiPolygon", "coordinates": [ [ [ [ -37.486788949800001, -4.66767818, 0.0 ], [ -37.485134912, -4.668015553100001, 0.0 ], [ -37.485134912, -4.668015553100001, 0.0 ], [ -37.485406413100002, -4.672879048600005, 0.0 ], [ -37.485406413100002, -4.672879048600005, 0.0 ], [ -37.487022506, -4.672756833800002, 0.0 ], [ -37.487022506, -4.672756833800002, 0.0 ], [ -37.486788949800001, -4.66767818, 0.0 ] ] ] ] } },
{ "type": "Feature", "properties": { "Name": null, "descriptio": "DGN_LEVEL_1", "timestamp": null, "begin": null, "end": null, "altitudeMo": null, "tessellate": -1, "extrude": 0, "visibility": -1, "drawOrder": null, "icon": null }, "geometry": { "type": "MultiPolygon", "coordinates": [ [ [ [ -37.478770225, -4.667944172799996, 0.0 ], [ -37.475424776300002, -4.668772351600008, 0.0 ], [ -37.475424776300002, -4.668772351600008, 0.0 ], [ -37.475610083500001, -4.6710708965, 0.0 ], [ -37.475610083500001, -4.6710708965, 0.0 ], [ -37.479042746899999, -4.670347814599992, 0.0 ], [ -37.479042746899999, -4.670347814599992, 0.0 ], [ -37.478770225, -4.667944172799996, 0.0 ] ] ] ] } },
{ "type": "Feature", "properties": { "Name": null, "descriptio": "DGN_LEVEL_1", "timestamp": null, "begin": null, "end": null, "altitudeMo": null, "tessellate": -1, "extrude": 0, "visibility": -1, "drawOrder": null, "icon": null }, "geometry": { "type": "MultiPolygon", "coordinates": [ [ [ [ -37.479408839100003, -4.673331170199996, 0.0 ], [ -37.478211962500005, -4.672951184900005, 0.0 ], [ -37.478211962500005, -4.672951184900005, 0.0 ], [ -37.478279162500002, -4.677772532899995, 0.0 ], [ -37.478279162500002, -4.677772532899995, 0.0 ], [ -37.480008055100001, -4.678303075499992, 0.0 ], [ -37.480008055100001, -4.678303075499992, 0.0 ], [ -37.479419642, -4.673420905599995, 0.0 ], [ -37.479419642, -4.673420905599995, 0.0 ], [ -37.479408839100003, -4.673331170199996, 0.0 ] ] ] ] } },
{ "type": "Feature", "properties": { "Name": null, "descriptio": "DGN_LEVEL_1", "timestamp": null, "begin": null, "end": null, "altitudeMo": null, "tessellate": -1, "extrude": 0, "visibility": -1, "drawOrder": null, "icon": null }, "geometry": { "type": "MultiPolygon", "coordinates": [ [ [ [ -37.467398511200003, -4.674430738700002, 0.0 ], [ -37.465844119700009, -4.673953095899996, 0.0 ], [ -37.465844119700009, -4.673953095899996, 0.0 ], [ -37.465531544800001, -4.678546322, 0.0 ], [ -37.465531544800001, -4.678546322, 0.0 ], [ -37.4670837607, -4.679033640500002, 0.0 ], [ -37.4670837607, -4.679033640500002, 0.0 ], [ -37.467398511200003, -4.674430738700002, 0.0 ] ] ] ] } },
{ "type": "Feature", "properties": { "Name": null, "descriptio": "DGN_LEVEL_1", "timestamp": null, "begin": null, "end": null, "altitudeMo": null, "tessellate": -1, "extrude": 0, "visibility": -1, "drawOrder": null, "icon": null }, "geometry": { "type": "MultiPolygon", "coordinates": [ [ [ [ -37.4757350621, -4.686545189599998, 0.0 ], [ -37.4741893383, -4.686044241499997, 0.0 ], [ -37.4741893383, -4.686044241499997, 0.0 ], [ -37.473917073899997, -4.6908046078, 0.0 ], [ -37.473917073899997, -4.6908046078, 0.0 ], [ -37.474819791599998, -4.691091451500006, 0.0 ], [ -37.474819791599998, -4.691091451500006, 0.0 ], [ -37.475465620400009, -4.691296522399999, 0.0 ], [ -37.475465620400009, -4.691296522399999, 0.0 ], [ -37.4757350621, -4.686545189599998, 0.0 ] ] ] ] } },
{ "type": "Feature", "properties": { "Name": null, "descriptio": "DGN_LEVEL_1", "timestamp": null, "begin": null, "end": null, "altitudeMo": null, "tessellate": -1, "extrude": 0, "visibility": -1, "drawOrder": null, "icon": null }, "geometry": { "type": "MultiPolygon", "coordinates": [ [ [ [ -37.472646050400002, -4.685543748199996, 0.0 ], [ -37.471100153800002, -4.685042342200007, 0.0 ], [ -37.471100153800002, -4.685042342200007, 0.0 ], [ -37.470818368899998, -4.689820314800003, 0.0 ], [ -37.470818368899998, -4.689820314800003, 0.0 ], [ -37.472366909100003, -4.690312234799995, 0.0 ], [ -37.472366909100003, -4.690312234799995, 0.0 ], [ -37.472646050400002, -4.685543748199996, 0.0 ] ] ] ] } },
{ "type": "Feature", "properties": { "Name": null, "descriptio": "DGN_LEVEL_1", "timestamp": null, "begin": null, "end": null, "altitudeMo": null, "tessellate": -1, "extrude": 0, "visibility": -1, "drawOrder": null, "icon": null }, "geometry": { "type": "MultiPolygon", "coordinates": [ [ [ [ -37.459968861599997, -4.686372345099997, 0.0 ], [ -37.460320502, -4.681540112299995, 0.0 ], [ -37.460320502, -4.681540112299995, 0.0 ], [ -37.458605213399998, -4.680981970700004, 0.0 ], [ -37.458605303500001, -4.680981970900005, 0.0 ], [ -37.458503303800001, -4.685906360100006, 0.0 ], [ -37.458503213900002, -4.685906269500005, 0.0 ], [ -37.459037158699999, -4.686076197899999, 0.0 ], [ -37.459037158699999, -4.686076197899999, 0.0 ], [ -37.4591230873, -4.686103427300003, 0.0 ], [ -37.4591230873, -4.686103427300003, 0.0 ], [ -37.459968951599997, -4.6863724358, 0.0 ], [ -37.459968861599997, -4.686372345099997, 0.0 ] ] ] ] } },
{ "type": "Feature", "properties": { "Name": null, "descriptio": "DGN_LEVEL_1", "timestamp": null, "begin": null, "end": null, "altitudeMo": null, "tessellate": -1, "extrude": 0, "visibility": -1, "drawOrder": null, "icon": null }, "geometry": { "type": "MultiPolygon", "coordinates": [ [ [ [ -37.468623017699997, -4.6891229526, 0.0 ], [ -37.468710652, -4.693745004800007, 0.0 ], [ -37.468710652, -4.693745004800007, 0.0 ], [ -37.470250143599998, -4.6942551798, 0.0 ], [ -37.470250143599998, -4.6942551798, 0.0 ], [ -37.470171102899997, -4.689614785099995, 0.0 ], [ -37.470171102899997, -4.689614785099995, 0.0 ], [ -37.469266769500003, -4.689327390499995, 0.0 ], [ -37.469266769500003, -4.689327390499995, 0.0 ], [ -37.468623017699997, -4.6891229526, 0.0 ] ] ] ] } },
{ "type": "Feature", "properties": { "Name": "PARCELA 083 ELIAS CRISPIM BRAGA", "descriptio": null, "timestamp": null, "begin": null, "end": null, "altitudeMo": null, "tessellate": 1, "extrude": 0, "visibility": -1, "drawOrder": null, "icon": null }, "geometry": { "type": "MultiPolygon", "coordinates": [ [ [ [ -37.466462500611982, -4.683536912240312, 0.0 ], [ -37.466482188323923, -4.678850440188972, 0.0 ], [ -37.464924491571068, -4.678361530555873, 0.0 ], [ -37.464906616334353, -4.683033522964427, 0.0 ], [ -37.466462500611982, -4.683536912240312, 0.0 ] ] ] ] } },
{ "type": "Feature", "properties": { "Name": "ANTONIO CARLOS CARLOTA DA COSTA, LR 125", "descriptio": null, "timestamp": null, "begin": null, "end": null, "altitudeMo": null, "tessellate": 1, "extrude": 0, "visibility": -1, "drawOrder": null, "icon": null }, "geometry": { "type": "MultiPolygon", "coordinates": [ [ [ [ -37.447141452037933, -4.682291480775567, 0.0 ], [ -37.447036048592778, -4.677210536457044, 0.0 ], [ -37.444804390094312, -4.676485363922992, 0.0 ], [ -37.444893598265843, -4.677651459768614, 0.0 ], [ -37.445174424595272, -4.681672062559408, 0.0 ], [ -37.447141452037933, -4.682291480775567, 0.0 ] ] ] ] } },
{ "type": "Feature", "properties": { "Name": "PARCELA 147", "descriptio": null, "timestamp": null, "begin": null, "end": null, "altitudeMo": null, "tessellate": 1, "extrude": 0, "visibility": -1, "drawOrder": null, "icon": null }, "geometry": { "type": "MultiPolygon", "coordinates": [ [ [ [ -37.453472287970598, -4.688838500591824, 0.0 ], [ -37.45419421655874, -4.684538151030213, 0.0 ], [ -37.452647344366333, -4.684046496530714, 0.0 ], [ -37.451951417928633, -4.68832122824054, 0.0 ], [ -37.453472287970598, -4.688838500591824, 0.0 ] ] ] ] } },
{ "type": "Feature", "properties": { "Name": "LR 215 JOSÉ EVANILDO SANTOS DE FREITAS", "descriptio": null, "timestamp": null, "begin": null, "end": null, "altitudeMo": null, "tessellate": 1, "extrude": 0, "visibility": -1, "drawOrder": null, "icon": null }, "geometry": { "type": "MultiPolygon", "coordinates": [ [ [ [ -37.44036272501576, -4.695198313860581, 0.0 ], [ -37.441984506601187, -4.689996381674215, 0.0 ], [ -37.440574707931177, -4.689538227309942, 0.0 ], [ -37.438959903256162, -4.694717894150547, 0.0 ], [ -37.44036272501576, -4.695198313860581, 0.0 ] ] ] ] } },
{ "type": "Feature", "properties": { "Name": "LR 148 RAIMUNDO DOS REIS DA SILVA", "descriptio": null, "timestamp": null, "begin": null, "end": null, "altitudeMo": null, "tessellate": 1, "extrude": 0, "visibility": -1, "drawOrder": null, "icon": null }, "geometry": { "type": "MultiPolygon", "coordinates": [ [ [ [ -37.451953156975165, -4.6883230905438, 0.0 ], [ -37.452646444461109, -4.684046148520351, 0.0 ], [ -37.451094018480248, -4.683550688208537, 0.0 ], [ -37.450432952733443, -4.687806729260972, 0.0 ], [ -37.451953156975165, -4.6883230905438, 0.0 ] ] ] ] } },
{ "type": "Feature", "properties": { "Name": "Aldenor", "descriptio": null, "timestamp": null, "begin": null, "end": null, "altitudeMo": null, "tessellate": 1, "extrude": 0, "visibility": -1, "drawOrder": null, "icon": null }, "geometry": { "type": "MultiPolygon", "coordinates": [ [ [ [ -37.468996723597371, -4.674817545889542, 0.0 ], [ -37.468905465858271, -4.670044084304732, 0.0 ], [ -37.467427286033988, -4.669605638908716, 0.0 ], [ -37.467359536913669, -4.674427562907132, 0.0 ], [ -37.468996723597371, -4.674817545889542, 0.0 ] ] ] ] } },
{ "type": "Feature", "properties": { "Name": "Polígono sem título", "descriptio": null, "timestamp": null, "begin": null, "end": null, "altitudeMo": null, "tessellate": 1, "extrude": 0, "visibility": -1, "drawOrder": null, "icon": null }, "geometry": { "type": "MultiPolygon", "coordinates": [ [ [ [ -37.453451895424031, -4.688816209600585, 0.0 ], [ -37.454211228994609, -4.684610993156941, 0.0 ], [ -37.452694377168307, -4.684062831526055, 0.0 ], [ -37.452003924472628, -4.688310755898023, 0.0 ], [ -37.453451895424031, -4.688816209600585, 0.0 ] ] ] ] } },
{ "type": "Feature", "properties": { "Name": "Polígono sem título", "descriptio": null, "timestamp": null, "begin": null, "end": null, "altitudeMo": null, "tessellate": 1, "extrude": 0, "visibility": -1, "drawOrder": null, "icon": null }, "geometry": { "type": "MultiPolygon", "coordinates": [ [ [ [ -37.450427709619177, -4.687748347011397, 0.0 ], [ -37.451083378737678, -4.683530910039588, 0.0 ], [ -37.449197237879552, -4.683005377505472, 0.0 ], [ -37.448919314784924, -4.687275826208086, 0.0 ], [ -37.450427709619177, -4.687748347011397, 0.0 ] ] ] ] } },
{ "type": "Feature", "properties": { "Name": "Aldenora", "descriptio": null, "timestamp": null, "begin": null, "end": null, "altitudeMo": null, "tessellate": 1, "extrude": 0, "visibility": -1, "drawOrder": null, "icon": null }, "geometry": { "type": "MultiPolygon", "coordinates": [ [ [ [ -37.436234733981472, -4.678770515016462, 0.0 ], [ -37.435817952126413, -4.678648077537633, 0.0 ], [ -37.434826493034763, -4.678799321337063, 0.0 ], [ -37.434850574484017, -4.684124528876214, 0.0 ], [ -37.436703692845711, -4.683992931426057, 0.0 ], [ -37.436234733981472, -4.678770515016462, 0.0 ] ] ] ] } },
{ "type": "Feature", "properties": { "Name": "Parcela 005 -Luiz Reinaldo", "descriptio": null, "timestamp": null, "begin": null, "end": null, "altitudeMo": null, "tessellate": 1, "extrude": 0, "visibility": -1, "drawOrder": null, "icon": null }, "geometry": { "type": "MultiPolygon", "coordinates": [ [ [ [ -37.485252192132393, -4.667963504376317, 0.0 ], [ -37.485311720499581, -4.663544817889882, 0.0 ], [ -37.483574245849823, -4.664144738119735, 0.0 ], [ -37.483615603534602, -4.668225303753917, 0.0 ], [ -37.485252192132393, -4.667963504376317, 0.0 ] ] ] ] } },
{ "type": "Feature", "properties": { "Name": "Josué Martins", "descriptio": null, "timestamp": null, "begin": null, "end": null, "altitudeMo": null, "tessellate": 1, "extrude": 0, "visibility": -1, "drawOrder": null, "icon": null }, "geometry": { "type": "MultiPolygon", "coordinates": [ [ [ [ -37.456898364472998, -4.70639482214726, 0.0 ], [ -37.4578152413997, -4.701139674067393, 0.0 ], [ -37.456387580785133, -4.700676412099605, 0.0 ], [ -37.455523006261963, -4.706020435264613, 0.0 ], [ -37.456898364472998, -4.70639482214726, 0.0 ] ] ] ] } },
{ "type": "Feature", "properties": { "Name": "Leila", "descriptio": null, "timestamp": null, "begin": null, "end": null, "altitudeMo": null, "tessellate": 1, "extrude": 0, "visibility": -1, "drawOrder": null, "icon": null }, "geometry": { "type": "MultiPolygon", "coordinates": [ [ [ [ -37.471037756265872, -4.68469929163011, 0.0 ], [ -37.471190995164172, -4.680476002749472, 0.0 ], [ -37.469640951078823, -4.680068919933363, 0.0 ], [ -37.469646859779601, -4.684345675696226, 0.0 ], [ -37.471037756265872, -4.68469929163011, 0.0 ] ] ] ] } },
{ "type": "Feature", "properties": { "Name": "Vicente Arlindo", "descriptio": null, "timestamp": null, "begin": null, "end": null, "altitudeMo": null, "tessellate": 1, "extrude": 0, "visibility": -1, "drawOrder": null, "icon": null }, "geometry": { "type": "MultiPolygon", "coordinates": [ [ [ [ -37.455047542203189, -4.689539358731994, 0.0 ], [ -37.453531606529467, -4.688892682179485, 0.0 ], [ -37.453164147030598, -4.693028639845192, 0.0 ], [ -37.454626312334717, -4.693637656152376, 0.0 ], [ -37.455047542203189, -4.689539358731994, 0.0 ] ] ] ] } }
]
}
